BasedOn.Code,CanRamp,ConfigureDuringSale,CurrencyIsoCode,Description,DisplayUrl,Family,IsActive,IsAssetizable,IsSoldOnlyWithOtherProds,Name,ProductCode,QuantityUnitOfMeasure,SpecificationType,StockKeepingUnit,Type,UnitOfMeasure.UnitCode
,false,,USD,,,Hardware,true,true,false,0155-2341-10,0155-2341-10-FRD,,,0155-2341-10-FRD,,
,false,,USD,,,Hardware,true,true,false,0155-2342-10,0155-2342-10-FRD,,,0155-2342-10-FRD,,
,false,,USD,,,Hardware,true,true,false,0155-2696-07,0155-2696-07-FRD,,,0155-2696-07-FRD,,
,false,,USD,,,Hardware,true,true,false,0300-5929-01,0300-5929-01-FRD,,,0300-5929-01-FRD,,
,false,,USD,,,Hardware,true,true,false,0300-5929-02,0300-5929-02-FRD,,,0300-5929-02-FRD,,
,false,,USD,,,Hardware,true,true,false,0402-0750-01,0402-0750-01-FRD,,,0402-0750-01-FRD,,
,false,,USD,,,Hardware,true,true,false,0416-0439,0416-0439-FRD,,,0416-0439-FRD,,
,false,,USD,,,Hardware,true,true,false,0416-0527,0416-0527-FRD,,,0416-0527-FRD,,
,false,,USD,,,Hardware,true,true,false,0541-1204,0541-1204-FRD,,,0541-1204-FRD,,
,false,Allowed,USD,10% discount on labor that is only included with a Service Contract bundle,/resource/1743025596000/Labor?,,true,true,true,10% Discount on Labor,10-DL,,,10-DL,,
,false,Allowed,USD,20% discount on parts that is only included with a Service Contract bundle,/resource/1743025650000/PartsDiscount?,,true,true,true,20% Discount on Parts,20-DP,,,20-DP,,
,false,Allowed,USD,Reduces sound levels in the cab for increased operator comfort and productivity.,/resource/1743027001000/SoundReductionOption?,,true,true,true,Sound Reduction Option,414LP-KAA-CAB2,,,414LP-KAA-CAB2,,
,false,Allowed,USD,Riding on suspension helps you smooth out the bumps and increase comfort. The seat offers time-saving features by customizing your weight adjustment and suspension travel much faster.,/resource/1743027326000/SuspensionSeat?,,true,true,true,Suspension Seat,414LP-KAA-CAB3,,,414LP-KAA-CAB3,,
Skid Steer PC,false,Allowed,USD,"The 414LP KAA Skid Steer Loader, with its radial lift design, delivers impressive mid-lift reach and excellent digging performance with outstanding drawbar power.",/resource/1743025485000/SkidSteer414LP?,,true,true,false,414LP KAA Skid Steer Loader,414LP-KAA-E-SSL,,,414LP-KAA-E-SSL,Bundle,
,false,Allowed,USD,"These pneumatic tires feature the traditional bar-lug design for excellent traction and long wear. They're good general-use tires intended for normal machine-hour applications, such as agriculture, rental, landscaping, general construction and other standard-duty jobs.",/resource/1743027060000/StandardDutyTires?,,true,true,false,Standard Duty Tires,414LP-KAA-TT1,,,414LP-KAA-TT1,,
,false,Allowed,USD,"This design offers a thicker sidewall, a bead guard and a higher ply rating than other pneumatic tires. The result: better wear and resistance to flats. These tires are ideal for rough, high-hour applications: rental, construction, landscaping and industry.",/resource/1743026659000/HeavyDutyTires?,,true,true,false,Heavy Duty Tires,414LP-KAA-TT2,,,414LP-KAA-TT2,,
,false,,USD,,,Hardware,true,true,false,A030S169,A030S169-FRD,,,A030S169-FRD,,
,false,,USD,,,Hardware,true,true,false,A035K427,A035K427-FRD,,,A035K427-FRD,,
,false,,USD,,,Hardware,true,true,false,A046D218,A046D218-FRD,,,A046D218-FRD,,
,false,,USD,,,Hardware,true,true,false,A048N280,A048N280-FRD,,,A048N280-FRD,,
,false,,USD,,,Hardware,true,true,false,A051H785,A051H785-FRD,,,A051H785-FRD,,
,false,,USD,,,Hardware,true,true,false,A051K118,A051K118-FRD,,,A051K118-FRD,,
,false,,USD,,,Hardware,true,true,false,A052X578,A052X578-FRD,,,A052X578-FRD,,
,false,,USD,,,Hardware,true,true,false,A052X580,A052X580-FRD,,,A052X580-FRD,,
,false,,USD,,,Hardware,true,true,false,A052X582,A052X582-FRD,,,A052X582-FRD,,
,false,,USD,,,Hardware,true,true,false,A052X584,A052X584-FRD,,,A052X584-FRD,,
,false,,USD,,,Hardware,true,true,false,A052X586,A052X586-FRD,,,A052X586-FRD,,
,false,Allowed,USD,A fast-evaporating solvent with strong dissolving capabilities.,/resource/1743025731000/Acet50Drum?,,true,false,false,Acetone (ACET-50) - 200L Drum,ACET-50-200L,,,ACET-50-200L,,200L-DR
,false,Allowed,USD,A fast-evaporating solvent with strong dissolving capabilities.,/resource/1743025778000/Acet50Pail?,,true,false,false,Acetone (ACET-50) - 20L Pail,ACET-50-20L,,,ACET-50-20L,,20L-PAIL
,false,Allowed,USD,"The AMEL Series genset brings power, technology and reliability to the power range from 400 to 600 kWe (460 to 730 kVA).",/resource/1736281665000/generators/600kw.png,Generator Set,true,true,false,AMEL Generator Set,AMEL-FRD,,,AMEL-FRD,Bundle,
,false,Allowed,USD,A chemical compound that prevents oxidative degradation of materials.,/resource/1743025999000/AO1000Bag?,,true,false,false,Antioxidant (AO-1000) - 25KG Bag,AO-1000-25KG,,,AO-1000-25KG,,25kg-BAG
,false,Allowed,USD,A chemical compound that prevents oxidative degradation of materials.,/resource/1743025999000/AO1000Bag?,,true,false,false,Antioxidant (AO-1000) - 50KG Bag,AO-1000-50KG,,,AO-1000-50KG,,50kg-BAG
,false,Allowed,USD,A thermoplastic resin providing excellent weather resistance and clarity.,/resource/1743025828000/AR300Tote?,,true,false,false,Acrylic Resin (AR-300) - 1000KG Tote,AR-300-1000KG,,,AR-300-1000KG,,1000KG-TOTE
,false,Allowed,USD,A thermoplastic resin providing excellent weather resistance and clarity.,/resource/1743025892000/AR300Drum?,,true,false,false,Acrylic Resin (AR-300) - 200KG Drum,AR-300-200KG-DR,,,AR-300-200KG-DR,,200KG-DR
,false,Allowed,USD,A chemical compound that reduces the rate of corrosion on metal surfaces.,/resource/1743026054000/CI3000Drum?,,true,false,false,Corrosion Inhibitor (CI-3000) - 200L Drum,CI-3000-200L,,,CI-3000-200L,,200L-DR
,false,Allowed,USD,A chemical compound that reduces the rate of corrosion on metal surfaces.,/resource/1743026095000/CI3000Pail?,,true,false,false,Corrosion Inhibitor (CI-3000) - 20L Pail,CI-3000-20L,,,CI-3000-20L,,20L-PAIL
,false,Allowed,USD,"For site preparation, including grading, concrete pad design, and foundation stability.",,,true,false,false,Civil Engineer,Civil-Engineer,,,Civil-Engineer,,
,false,Allowed,USD,The CUGR Series delivers power output within a few seconds with industry leading load factors even in extreme ambient conditions.,/resource/1736281665000/generators/1200kw.png,Generator Set,true,true,false,CUGR Generator Set,CUGR-FRD,,,CUGR-FRD,Bundle,
,false,Allowed,USD,A chemical additive that eliminates or prevents the formation of foam.,/resource/1743026138000/DF4000Drum?,,true,false,false,Defoamer (DF-4000) - 200L Drum,DF-4000-200L,,,DF-4000-200L,,200L-DR
,false,Allowed,USD,A chemical additive that eliminates or prevents the formation of foam.,/resource/1743026174000/DF4000Pail?,,true,false,false,Defoamer (DF-4000) - 20L Pail,DF-4000-20L,,,DF-4000-20L,,20L-PAIL
Buckets PC,false,Allowed,USD,This rugged bucket offers weld-on or bolt-on cutting edge backed up by a skid-bar that strengthens the bucket bottom for added durability. Round back design enhances loading and cleanout. This bucket is ideal for everything from digging to material handling.,/resource/1743026215000/DirtBucket?,,true,true,false,Dirt Bucket,DIRT-BUCKET,,,DIRT-BUCKET,,
,false,,USD,"To analyze the building's power requirements, load calculations, and determine the correct generator capacity.",,Service,true,false,false,Electrical Engineer,Electrical-Engineer,,,Electrical-Engineer,,
,false,Allowed,USD,"High-performance spark plugs designed to enhance engine efficiency, improve fuel economy, and ensure smooth ignition for reliable vehicle performance.",/resource/1743027030000/SparkPlugs?,,true,false,false,Spark Plugs,EP-43253,,,EP-43253,,
,false,Allowed,USD,"A thermosetting resin that creates strong, durable, and chemical-resistant bonds.",/resource/1743026293000/EPX500Drum?,,true,false,false,Epoxy Resin (EPX-500) - 200KG Drum,EPX-500-200KG,,,EPX-500-200KG,,200KG-DR
,false,Allowed,USD,"A thermosetting resin that creates strong, durable, and chemical-resistant bonds.",/resource/1743026329000/EPX500Pail?,,true,false,false,Epoxy Resin (EPX-500) - 20KG PAIL,EPX-500-20KG,,,EPX-500-20KG,,20KG-PAIL
,false,Allowed,USD,Extended Warranty that can be sold stand-alone or with a service contract.,/resource/1743026252000/Warranty?,,true,true,false,Extended Warranty,EW,,,EW,,
,false,Allowed,USD,Fluid Analysis for Heavy Equipment,/resource/1743026407000/FluidAnalysis?,,true,true,true,Fluid Analysis,FA-Entitlement,,,FA-Entitlement,,
Generator Set PC,false,Allowed,USD,"The  FESBA  Series generator set performs at the highest level, featuring a robust design and optimal fuel consumption. A perfect solution for mission-critical applications.",/resource/1736281665000/generators/3000kw.png,Hardware,true,true,false,FESBA Generator Set,FESBA-FRD,,,FESBA-FRD,Bundle,
Model PC,false,,USD,,,Hardware,true,true,false,FESBA 1200kW,FESBA_1200,,,FESBA_1200,,
Model PC,false,Allowed,USD,,,Hardware,true,true,false,FESBA 1500kW,FESBA_1500,,,FESBA_1500,,
Model PC,false,Allowed,USD,"The  FESBA Series generator set performs at the highest level, featuring a robust design and optimal fuel consumption. A perfect solution for mission-critical applications.",https://velocedev--c.test1.vf.pc-rnd.force.com/resource/1736281665000/generators/3000kw.png,Hardware,true,true,false,FESBA 1750kW,FESBA_1750,,,FESBA_1750,,
Model PC,false,,USD,,,Hardware,true,true,false,FESBA 2500kW,FESBA_2500,,,FESBA_2500,,
,false,,USD,,,Hardware,true,true,false,Engine - QSK60-G6,FESBA_2940,,,FESBA_2940,,
,false,,USD,,,Hardware,true,true,false,"Fuel Filters-Engine, Standard",FESBA_3090,,,FESBA_3090,,
,false,,USD,,,Hardware,true,true,false,PMG,FESBA_3750,,,FESBA_3750,,
,false,,USD,,,Service,true,true,false,Test - Standard Factory,FESBA_5860,,,FESBA_5860,,
Model PC,false,,USD,,,Hardware,true,true,false,FESBA 900kW,FESBA_900,,,FESBA_900,Bundle,
,false,,USD,,,Hardware,true,true,false,"Heater-Alternator, 120 Volt AC",FESBA_A292-2,,,FESBA_A292-2,,
,false,,USD,,,Hardware,true,true,false,"Heater-Alternator, 240 Volt AC",FESBA_A293-2,,,FESBA_A293-2,,
,false,,USD,,,Hardware,true,true,false,Battery Charging Alternator,FESBA_A333-2,,,FESBA_A333-2,,
,false,,USD,,,Hardware,true,true,false,Electric Starter Motor - 24V DC,FESBA_A334-2,,,FESBA_A334-2,,
,false,,USD,,,Hardware,true,true,false,Packing-None,FESBA_A358-2,,,FESBA_A358-2,,
,false,,USD,,,Hardware,true,true,false,"Heater-Alternator, 110/220 (120/240) Volt AC",FESBA_A416-2,,,FESBA_A416-2,,
,false,,USD,,,Hardware,true,true,false,120/240VAC compatible,FESBA_A460-2,,,FESBA_A460-2,,
,false,,USD,,,Hardware,true,true,false,"Temp Sens-Stator, 2 RTD/Ph",FESBA_B225-2,,,FESBA_B225-2,,
,false,,USD,,,Hardware,true,true,false,"Bearing,1 RTD NDE",FESBA_B244-2,,,FESBA_B244-2,,
,false,,USD,,,Hardware,true,true,false,"Alternator - 60Hz, 3-Phase, Wye, 2400/4160V, 105/80C, StbyPrm",FESBA_B313-2,,,FESBA_B313-2,,
,false,,USD,,,Hardware,true,true,false,"ALT-60Hz, Wye,12.47-13.8kV,125/105/80C (S/P/C)",FESBA_B448-2,,,FESBA_B448-2,,
,false,,USD,,,Hardware,true,true,false,"ALT-60Hz,2400/4160V,125/105/80C (S/P/C)",FESBA_B467-2,,,FESBA_B467-2,,
,false,,USD,,,Hardware,true,true,false,"ALT-60Hz,Wye,12.47kV,105/80C (S/P)",FESBA_B567-2,,,FESBA_B567-2,,
,false,,USD,,,Hardware,true,true,false,"Alt-60Hz,Wye,220/380V,150/125/105C-SD/P/C,40C amb",FESBA_B595-2,,,FESBA_B595-2,,
,false,,USD,,,Hardware,true,true,false,"Alt-60Hz,Wye,220/380V,125/105/80C-StbyPrmCont",FESBA_B598-2,,,FESBA_B598-2,,
,false,,USD,,,Hardware,true,true,false,"Alt-60Hz,Wye,220/380V,105/80C-StbyPrm",FESBA_B599-2,,,FESBA_B599-2,,
,false,,USD,,,Hardware,true,true,false,"Alternator-60Hz, 3Phase, 480Volt, 105/80C-StbyPrm",FESBA_B600-2,,,FESBA_B600-2,,
,false,,USD,,,Hardware,true,true,false,"Alternator-60Hz, 3Phase, 480Volt, 80C-Stby",FESBA_B601-2,,,FESBA_B601-2,,
,false,,USD,,,Hardware,true,true,false,"Alt-60Hz,347/600V,125/105/80C-SPC",FESBA_B602-2,,,FESBA_B602-2,,
,false,,USD,,,Hardware,true,true,false,"Alternator-60Hz, 347/600Volt, 105/80C-StbyPrm",FESBA_B603-2,,,FESBA_B603-2,,
,false,,USD,,,Hardware,true,true,false,"Alternator-60Hz, 347/600Volt, 80C-Stby",FESBA_B604-2,,,FESBA_B604-2,,
,false,,USD,,,Hardware,true,true,false,"Alternator-60Hz, Wye, 12.47kVolt, 80C-Stby",FESBA_B607-2,,,FESBA_B607-2,,
,false,,USD,,,Hardware,true,true,false,"Alt-60Hz, Wye, 13.2-13.8kVolt, 105/80C-StbyPrm",FESBA_B612-2,,,FESBA_B612-2,,
,false,,USD,,,Hardware,true,true,false,"Alternator-60Hz, Wye, 13.2-13.8kVolt, 80C-Stby",FESBA_B628-2,,,FESBA_B628-2,,
,false,,USD,,,Hardware,true,true,false,"Alternator-60 Hz, Wye, 380 Volt, 80C-Stby",FESBA_B660-2,,,FESBA_B660-2,,
,false,,USD,,,Hardware,true,true,false,"Alt-60Hz,Wye,440V,125-80C-SPC",FESBA_B663-2,,,FESBA_B663-2,,
,false,,USD,,,Hardware,true,true,false,"Alternator-60 Hz, Wye, 440 Volt,105/80C-StbyPrm",FESBA_B664-2,,,FESBA_B664-2,,
,false,,USD,,,Hardware,true,true,false,"Alternator-60Hz, Wye, 440 Volt,80C-Stby",FESBA_B688-2,,,FESBA_B688-2,,
,false,,USD,,,Hardware,true,true,false,"Alt-60Hz,Wye,440V,150/125SP,40C amb",FESBA_B691-2,,,FESBA_B691-2,,
,false,,USD,,,Hardware,true,true,false,"Alternator-60 Hz,Wye,240/416 Volt,105/80C-StbyPrm",FESBA_B715-2,,,FESBA_B715-2,,
,false,,USD,,,Hardware,true,true,false,Hardened Bearing Cartridge,FESBA_B791-2,,,FESBA_B791-2,,
,false,,USD,,,Hardware,true,true,false,"Alt-60Hz, 3Phase, 480Volt, 125/105/80C-StbyPrmCont",FESBA_B801-2,,,FESBA_B801-2,,
,false,,USD,,,Hardware,true,true,false,"Alternator-60Hz,3Phase,480Volt,150C-Stby,40C amb",FESBA_B816-2,,,FESBA_B816-2,,
,false,,USD,,,Hardware,true,true,false,"Alternator-60Hz,3Phase,600Volt,150C-Stby,40C amb",FESBA_B817-2,,,FESBA_B817-2,,
,false,,USD,,,Hardware,true,true,false,"Alt-60Hz,3Ph,277/480V,80C, Stby-Prime,IncrMtrStart",FESBA_B903-2,,,FESBA_B903-2,,
,false,,USD,,,Hardware,true,true,false,"Alt-60Hz,3Ph,347/600V,80C, Stby-Prime,IncrMtrStart",FESBA_B904-2,,,FESBA_B904-2,,
,false,,USD,,,Hardware,true,true,false,"Alt-60Hz,3Ph,2400/4160V,80C, Stby-Prime,IncrMtrStart",FESBA_B905-2,,,FESBA_B905-2,,
,false,,USD,,,Hardware,true,true,false,"Alt-60Hz,3Ph,7200/12470V,80C, Stby-Prime,IncrMtrStart",FESBA_B906-2,,,FESBA_B906-2,,
,false,,USD,,,Hardware,true,true,false,"Alt-60Hz,3Ph,7620/13200V,80C, Stby-Prime,IncrMtrStart",FESBA_B907-2,,,FESBA_B907-2,,
,false,,USD,,,Hardware,true,true,false,"Alt-60Hz,3Ph,7968/13800V,80C, Stby-Prime,IncrMtrStart",FESBA_B909-2,,,FESBA_B909-2,,
,false,,USD,,,Hardware,true,true,false,"Alt-60Hz,3Ph,Wye,380V,105C-DCC,40C Amb",FESBA_BB08-2,,,FESBA_BB08-2,,
,false,,USD,,,Hardware,true,true,false,"Alt-60Hz,3Ph,Wye,416V,105C-DCC,40C Amb",FESBA_BB10-2,,,FESBA_BB10-2,,
,false,,USD,,,Hardware,true,true,false,"Alt-60Hz,3Ph,Wye,440V,105C-DCC,40C Amb",FESBA_BB12-2,,,FESBA_BB12-2,,
,false,,USD,,,Hardware,true,true,false,"Alt-60Hz,3Ph,Wye,480V,80C-DCC,40C Amb",FESBA_BB14-2,,,FESBA_BB14-2,,
,false,,USD,,,Hardware,true,true,false,"Alt-60Hz,3Ph,Wye,480V,105C-DCC,40C Amb",FESBA_BB15-2,,,FESBA_BB15-2,,
,false,,USD,,,Hardware,true,true,false,"Alt-60Hz,3Ph,Wye,600V,80C-DCC,40C Amb",FESBA_BB17-2,,,FESBA_BB17-2,,
,false,,USD,,,Hardware,true,true,false,"Alt-60Hz,3Ph,Wye,600V,105C-DCC,40C Amb",FESBA_BB18-2,,,FESBA_BB18-2,,
,false,,USD,,,Hardware,true,true,false,"Alt-60Hz,3Ph,Wye,4160V,80C-DCC,40C Amb",FESBA_BB20-2,,,FESBA_BB20-2,,
,false,,USD,,,Hardware,true,true,false,"Alt-60Hz,3Ph,Wye,12.47kV,80C-DCC,40C Amb",FESBA_BB23-2,,,FESBA_BB23-2,,
,false,,USD,,,Hardware,true,true,false,"Alt-60Hz,3Ph,Wye,13.2kV,80C-DCC,40C Amb",FESBA_BB26-2,,,FESBA_BB26-2,,
,false,,USD,,,Hardware,true,true,false,"Alt-60Hz,3Ph,Wye,13.8kV,80C-DCC,40C Amb",FESBA_BB29-2,,,FESBA_BB29-2,,
,false,,USD,,,Hardware,true,true,false,"Alt-60Hz,3Ph,Wye,440V,80C-DCC,40C Amb",FESBA_BC03-2,,,FESBA_BC03-2,,
,false,,USD,,,Hardware,true,true,false,"Alt-60Hz,3Ph,Wye,380V,80C-DCC,40C Amb",FESBA_BC04-2,,,FESBA_BC04-2,,
,false,,USD,,,Hardware,true,true,false,"Alt-60Hz,3Ph,Wye,416V,80C-DCC,40C Amb",FESBA_BC05-2,,,FESBA_BC05-2,,
,false,,USD,,,Hardware,true,true,false,Separator-Fuel/Water,FESBA_C127-2,,,FESBA_C127-2,,
,false,,USD,,,Hardware,true,true,false,"Fuel Filters-Engine, Duplex",FESBA_C278-2,,,FESBA_C278-2,,
,false,,USD,,,Hardware,true,true,false,Heavy Duty Air Cleaner,FESBA_D036-2,,,FESBA_D036-2,,
,false,,USD,,,Hardware,true,true,false,Normal Duty Air Cleaner,FESBA_D041-2,,,FESBA_D041-2,,
,false,,USD,,,Hardware,true,true,false,None Supplied (Remote Cooling),FESBA_E043-2,,,FESBA_E043-2,,
,false,,USD,,,Hardware,true,true,false,(Remote Cooling) Flanged Connectors ASA,FESBA_E080-2,,,FESBA_E080-2,,
,false,,USD,,,Hardware,true,true,false,Engine Cooling-High Ambient Air Temperature,FESBA_E125-2,,,FESBA_E125-2,,
,false,,USD,,,Hardware,true,true,false,Engine Cooling-Enhanced High Ambient Air Temperature,FESBA_E126-2,,,FESBA_E126-2,,
,false,,USD,,,Hardware,true,true,false,"Eng Cooling-High Ambient Air Temp, Ship Loose",FESBA_E128-2,,,FESBA_E128-2,,
,false,,USD,,,Hardware,true,true,false,"Terminal Hsg-Alternator Mounted,BotEntr,LV,NEMA 2-HoleConn",FESBA_F258-2,,,FESBA_F258-2,,
,false,,USD,,,Hardware,true,true,false,"Terminal Hsg-Alternator Mounted,TopEntr,LV,NEMA 2-HoleConn",FESBA_F259-2,,,FESBA_F259-2,,
,false,,USD,,,Hardware,true,true,false,Oil Pan-High Capacity,FESBA_H110-2,,,FESBA_H110-2,,
,false,,USD,,,Hardware,true,true,false,Gauge-Exhaust Gas Temperature,FESBA_H244-2,,,FESBA_H244-2,,
,false,,USD,,,Hardware,true,true,false,Shutdown-Low Coolant Level,FESBA_H389-2,,,FESBA_H389-2,,
,false,,USD,,,Hardware,true,true,false,Warning-Low Coolant Level,FESBA_H527-2,,,FESBA_H527-2,,
,false,,USD,,,Hardware,true,true,false,"Coolant Heater-208/240/480V, 40F Minimum Ambient Temp",FESBA_H556-2,,,FESBA_H556-2,,
,false,,USD,,,Hardware,true,true,false,"Coolant Heater-208/240/480V, Below 40F Ambient Temp",FESBA_H557-2,,,FESBA_H557-2,,
,false,,USD,,,Hardware,true,true,false,"Meters-AC Output,Analog",FESBA_H606-2,,,FESBA_H606-2,,
,false,,USD,,,Hardware,true,true,false,"Filters-Eng Oil,Full Flow/Bypass",FESBA_H607-2,,,FESBA_H607-2,,
,false,,USD,,,Hardware,true,true,false,"Indication-Ground Fault,3-PoleXfrSw",FESBA_H666-2,,,FESBA_H666-2,,
,false,,USD,,,Hardware,true,true,false,Display - Control LCD,FESBA_H678-2,,,FESBA_H678-2,,
Control PC,false,Allowed,USD,,,Hardware,true,true,false,PowerCommand 3.3,FESBA_H704-2,,,FESBA_H704-2,,
,false,,USD,,,Hardware,true,true,false,AmpSentryTM Protective Relay,FESBA_H720-2,,,FESBA_H720-2,,
,false,,USD,,,Hardware,true,true,false,"Indication-Ground Fault, Terminal Box (or) Circuit Breaker Box - Left",FESBA_H723-2,,,FESBA_H723-2,,
,false,,USD,,,Hardware,true,true,false,"Indication-Ground Fault, Terminal Box (or) Circuit Breaker Box - Right",FESBA_H724-2,,,FESBA_H724-2,,
,false,,USD,,,Hardware,true,true,false,Oil Sampling Valve,FESBA_H734-2,,,FESBA_H734-2,,
,false,,USD,,,Hardware,true,true,false,"Display, Running Time",FESBA_K020-2,,,FESBA_K020-2,,
,false,,USD,,,Hardware,true,true,false,Differential CT's P80,FESBA_K993-2,,,FESBA_K993-2,,
,false,,USD,,,Hardware,true,true,false,"Alarm-Audible, Engine Shutdown",FESBA_KA08-2,,,FESBA_KA08-2,,
,false,,USD,,,Hardware,true,true,false,"Top Entry, Right",FESBA_KB70-2,,,FESBA_KB70-2,,
,false,,USD,,,Hardware,true,true,false,"Top Entry, Left",FESBA_KB71-2,,,FESBA_KB71-2,,
,false,,USD,,,Hardware,true,true,false,"Bottom Entry, Right",FESBA_KB72-2,,,FESBA_KB72-2,,
,false,,USD,,,Hardware,true,true,false,"Bottom Entry, Left",FESBA_KB73-2,,,FESBA_KB73-2,,
,false,,USD,,,Hardware,true,true,false,"Terminal Box-Low Voltage,Right",FESBA_KC52-2,,,FESBA_KC52-2,,
,false,,USD,,,Hardware,true,true,false,"Terminal Box-Low Voltage,Left",FESBA_KC53-2,,,FESBA_KC53-2,,
,false,,USD,,,Hardware,true,true,false,Circuit Breaker or Entrance Box-None,FESBA_KP78-2,,,FESBA_KP78-2,,
,false,,USD,,,Hardware,true,true,false,"CB-2500A,Right,3P,UL 600,IEC 415,UL Serv Ent,100%",FESBA_KP82-2,,,FESBA_KP82-2,,
,false,,USD,,,Hardware,true,true,false,"CB-2500A,Left,3P,UL 600,IEC 415,UL Serv Ent,100%",FESBA_KP83-2,,,FESBA_KP83-2,,
,false,,USD,,,Hardware,true,true,false,"CB-2000A,Right,3P,UL 600,IEC 415,UL Serv Ent,100%",FESBA_KP84-2,,,FESBA_KP84-2,,
,false,,USD,,,Hardware,true,true,false,"CB-2000A,Left,3P,UL 600,IEC 415,UL Serv Ent,100%",FESBA_KP85-2,,,FESBA_KP85-2,,
,false,,USD,,,Hardware,true,true,false,"CB-1600A,Right,3P,UL 600,IEC 415,UL Serv Ent,100%",FESBA_KP86-2,,,FESBA_KP86-2,,
,false,,USD,,,Hardware,true,true,false,"CB-1600A,Left,3P,UL 600,IEC 415,UL Serv Ent,100%",FESBA_KP87-2,,,FESBA_KP87-2,,
,false,,USD,,,Hardware,true,true,false,"CB-1200A,Right,3P,UL 600,IEC 415,UL Serv Ent,100%",FESBA_KP88-2,,,FESBA_KP88-2,,
,false,,USD,,,Hardware,true,true,false,"CB-1200A,Left,3P,UL 600,IEC 415,UL Serv Ent,100%",FESBA_KP89-2,,,FESBA_KP89-2,,
,false,,USD,,,Hardware,true,true,false,"CB-800A,Right,3P,UL 600,IEC 415,UL Serv Ent,100%",FESBA_KP90-2,,,FESBA_KP90-2,,
,false,,USD,,,Hardware,true,true,false,"CB-800A,Left,3P,UL 600,IEC 415,UL Serv Ent,100%",FESBA_KP91-2,,,FESBA_KP91-2,,
,false,,USD,,,Hardware,true,true,false,"CB-600A,Right,3P,UL 600,IEC 690,UL Serv Ent,100%",FESBA_KP92-2,,,FESBA_KP92-2,,
,false,,USD,,,Hardware,true,true,false,"CB-600A,Left,3P,UL 600,IEC 690,UL Serv Ent,100%",FESBA_KP93-2,,,FESBA_KP93-2,,
,false,,USD,,,Hardware,true,true,false,Entrance Box-Right,FESBA_KP94-2,,,FESBA_KP94-2,,
,false,,USD,,,Hardware,true,true,false,Ckt Brkr Access-Right Side,FESBA_KP98-2,,,FESBA_KP98-2,,
,false,,USD,,,Hardware,true,true,false,Ckt Brkr Access-Left Side,FESBA_KP99-2,,,FESBA_KP99-2,,
,false,,USD,,,Hardware,true,true,false,"Ckt Brkr Lugs-Mechanical, Left Side",FESBA_KR01-2,,,FESBA_KR01-2,,
,false,,USD,,,Hardware,true,true,false,"Ckt Brkr Lugs-Mechanical, Right Side",FESBA_KR02-2,,,FESBA_KR02-2,,
,false,,USD,,,Hardware,true,true,false,Differential CT's P7,FESBA_KR08-2,,,FESBA_KR08-2,,
,false,,USD,,,Hardware,true,true,false,"Output Terminals-2-Hole Lug, NEMA",FESBA_KR78-2,,,FESBA_KR78-2,,
,false,,USD,,,Hardware,true,true,false,"Signals - Auxiliary, 8 Inputs/8 Outputs",FESBA_KS53-2,,,FESBA_KS53-2,,
,false,,USD,,,Hardware,true,true,false,"Terminal Housing-Bottom Entrance,Medium/High Volts",FESBA_KS57-2,,,FESBA_KS57-2,,
,false,,USD,,,Hardware,true,true,false,"Terminal Housing-Top Entrance,Medium/High Volts",FESBA_KS58-2,,,FESBA_KS58-2,,
,false,,USD,,,Hardware,true,true,false,"CB-3000A,Right,3P,UL 600,IEC 690,UL Serv Ent,100%",FESBA_KU62-2,,,FESBA_KU62-2,,
,false,,USD,,,Hardware,true,true,false,"CB-3000A,Left,3P,UL 600,IEC 690,UL Serv Ent,100%",FESBA_KU68-2,,,FESBA_KU68-2,,
,false,,USD,,,Hardware,true,true,false,"Entrance Box-Low Voltage,Right",FESBA_KU70-2,,,FESBA_KU70-2,,
,false,,USD,,,Hardware,true,true,false,"Entrance Box-Low Voltage,Left",FESBA_KU71-2,,,FESBA_KU71-2,,
,false,,USD,,,Hardware,true,true,false,"Bottom Entry Chute, Left",FESBA_KU83-2,,,FESBA_KU83-2,,
,false,,USD,,,Hardware,true,true,false,"Bottom Entry Chute, Right",FESBA_KU84-2,,,FESBA_KU84-2,,
,false,,USD,,,Hardware,true,true,false,Housing Arrangement - Left Entry,FESBA_KU93-2,,,FESBA_KU93-2,,
,false,,USD,,,Hardware,true,true,false,Housing Arrangement - Right Entry,FESBA_KU94-2,,,FESBA_KU94-2,,
,false,,USD,,,Hardware,true,true,false,Housing Arrangement - Left & Right Entry,FESBA_KU95-2,,,FESBA_KU95-2,,
,false,,USD,,,Hardware,true,true,false,Ground Fault Indication Relay - None,FESBA_KU99-2,,,FESBA_KU99-2,,
Control PC,false,Allowed,USD,,,Hardware,true,true,false,PowerCommand 3.3 with MLD,FESBA_KX21-2,,,FESBA_KX21-2,,
,false,,USD,,,Hardware,true,true,false,RELAYS-USER CONFIGURED,FESBA_KX24-2,,,FESBA_KX24-2,,
,false,,USD,,,Hardware,true,true,false,"Signals - Auxiliary 2, 8 Inputs/8 Outputs",FESBA_KY01-2,,,FESBA_KY01-2,,
,false,,USD,,,Service,true,true,false,Test Record-Strip Chart,FESBA_L010-2,,,FESBA_L010-2,,
,false,,USD,,,Service,true,true,false,"Test-Extended, Prime Load, 1Hr",FESBA_L011-2,,,FESBA_L011-2,,
,false,,USD,,,Service,true,true,false,"Test-Extnd, Prime Ld,2Hr",FESBA_L012-2,,,FESBA_L012-2,,
,false,,USD,,,Service,true,true,false,"Test-Extnd, Prime Ld,4Hr",FESBA_L013-2,,,FESBA_L013-2,,
,false,,USD,,,Service,true,true,false,"Test-Extended, Prime Load, 8Hr",FESBA_L014-2,,,FESBA_L014-2,,
,false,,USD,,,Service,true,true,false,"Test-Extended, Standby Load, 1",FESBA_L015-2,,,FESBA_L015-2,,
,false,,USD,,,Service,true,true,false,"Test-Extended, Standby Load, 2",FESBA_L016-2,,,FESBA_L016-2,,
,false,,USD,,,Service,true,true,false,"Test-Extended, Standby Load, 4",FESBA_L017-2,,,FESBA_L017-2,,
,false,,USD,,,Service,true,true,false,"Test-Extnd,Stndby Ld,8Hr",FESBA_L018-2,,,FESBA_L018-2,,
,false,,USD,,,Service,true,true,false,"Test-Varied Load,1 Hour,2 Step",FESBA_L019-2,,,FESBA_L019-2,,
,false,,USD,,,Service,true,true,false,"Test-Varied Load,2Hr,2 Step",FESBA_L020-2,,,FESBA_L020-2,,
,false,,USD,,,Service,true,true,false,"Test-Varied Load, 4Hr, 2Step",FESBA_L021-2,,,FESBA_L021-2,,
,false,,USD,,,Service,true,true,false,"Test-Varied Ld,6Hr,3 Step",FESBA_L022-2,,,FESBA_L022-2,,
,false,,USD,,,Service,true,true,false,Test Record-Safety Shutdowns,FESBA_L023-2,,,FESBA_L023-2,,
,false,,USD,,,Service,true,true,false,Test Record-Exhaust Temp,FESBA_L024-2,,,FESBA_L024-2,,
,false,,USD,,,Service,true,true,false,Test Record-Amb Temp/Pres,FESBA_L025-2,,,FESBA_L025-2,,
,false,,USD,,,Service,true,true,false,Test Record-Certified,FESBA_L026-2,,,FESBA_L026-2,,
,false,,USD,,,Service,true,true,false,Test - Witness,FESBA_L027-2,,,FESBA_L027-2,,
,false,,USD,,,Service,true,true,false,Genset Warranty Base,FESBA_L028-2,,,FESBA_L028-2,,
,false,,USD,,,Service,true,true,false,Test-Independent Laboratory,FESBA_L038-2,,,FESBA_L038-2,,
,false,,USD,,,Hardware,true,true,false,Literature-English,FESBA_L050-2,,,FESBA_L050-2,,
,false,,USD,,,Hardware,true,true,false,Literature-Spanish,FESBA_L051-2,,,FESBA_L051-2,,
,false,,USD,,,Hardware,true,true,false,Literature-French,FESBA_L052-2,,,FESBA_L052-2,,
,false,,USD,,,Hardware,true,true,false,Literature-Chinese,FESBA_L057-2,,,FESBA_L057-2,,
,false,,USD,,,Hardware,true,true,false,Literature-German,FESBA_L068-2,,,FESBA_L068-2,,
,false,,USD,,,Hardware,true,true,false,Literature-Italian,FESBA_L069-2,,,FESBA_L069-2,,
,false,,USD,,,Hardware,true,true,false,Literature-Swedish,FESBA_L070-2,,,FESBA_L070-2,,
,false,,USD,,,Hardware,true,true,false,Literature-Portuguese,FESBA_L071-2,,,FESBA_L071-2,,
,false,,USD,,,Hardware,true,true,false,Literature-Dutch,FESBA_L072-2,,,FESBA_L072-2,,
,false,,USD,,,Hardware,true,true,false,Literature-Russian,FESBA_L073-2,,,FESBA_L073-2,,
,false,,USD,,,Hardware,true,true,false,Literature-Greek,FESBA_L074-2,,,FESBA_L074-2,,
,false,,USD,,,Hardware,true,true,false,Literature-Finnish,FESBA_L114-2,,,FESBA_L114-2,,
,false,,USD,,,Hardware,true,true,false,Literature-Danish,FESBA_L115-2,,,FESBA_L115-2,,
,false,,USD,,,Hardware,true,true,false,Literature-Norwegian,FESBA_L136-2,,,FESBA_L136-2,,
,false,,USD,,,Service,true,true,false,ST 3YR 1500HR PARTS,FESBA_L182-2,,,FESBA_L182-2,,
,false,,USD,,,Service,true,true,false,ST 5YR 2500HR PARTS,FESBA_L183-2,,,FESBA_L183-2,,
,false,,USD,,,Service,true,true,false,ST 10YR 5000HR PARTS,FESBA_L184-2,,,FESBA_L184-2,,
,false,,USD,,,Service,true,true,false,ST 3YR 1500HR Parts + Labor,FESBA_L185-2,,,FESBA_L185-2,,
,false,,USD,,,Service,true,true,false,ST 5YR 2500HR Parts + Labor,FESBA_L186-2,,,FESBA_L186-2,,
,false,,USD,,,Service,true,true,false,ST 10YR 5000HR Parts + Labor,FESBA_L187-2,,,FESBA_L187-2,,
,false,,USD,,,Service,true,true,false,ST 3YR 1500HR Parts + Labor + Travel,FESBA_L188-2,,,FESBA_L188-2,,
,false,,USD,,,Service,true,true,false,ST 5YR 2500HR Parts + Labor + Travel,FESBA_L189-2,,,FESBA_L189-2,,
,false,,USD,,,Service,true,true,false,ST 10YR 5000HR Parts + Labor + Travel,FESBA_L190-2,,,FESBA_L190-2,,
,false,,USD,,,Service,true,true,false,PR 2YR 4000HR P + L + T,FESBA_L191-2,,,FESBA_L191-2,,
,false,,USD,,,Service,true,true,false,PR 3YR 6000HR P + L + T,FESBA_L192-2,,,FESBA_L192-2,,
,false,,USD,,,Hardware,true,true,false,Literature-Brazilian Portuguese,FESBA_L245-2,,,FESBA_L245-2,,
,false,,USD,,,Service,true,true,false,DCC 3YR UNLIMITED HR PARTS,FESBA_L250-2,,,FESBA_L250-2,,
,false,,USD,,,Service,true,true,false,DCC 5YR UNLIMITED HR PARTS,FESBA_L251-2,,,FESBA_L251-2,,
,false,,USD,,,Service,true,true,false,DCC 10YR UNLIMITED HR PARTS,FESBA_L252-2,,,FESBA_L252-2,,
,false,,USD,,,Service,true,true,false,DCC 3YR UNLIMITED HR P + L,FESBA_L253-2,,,FESBA_L253-2,,
,false,,USD,,,Service,true,true,false,DCC 5YR UNLIMITED HR P + L,FESBA_L254-2,,,FESBA_L254-2,,
,false,,USD,,,Service,true,true,false,DCC 10YR UNLIMITED HR P + L,FESBA_L255-2,,,FESBA_L255-2,,
,false,,USD,,,Service,true,true,false,DCC 3YR UNLIMITED HR P + L + T,FESBA_L256-2,,,FESBA_L256-2,,
,false,,USD,,,Service,true,true,false,DCC 5YR UNLIMITED HR P + L + T,FESBA_L257-2,,,FESBA_L257-2,,
,false,,USD,,,Service,true,true,false,DCC 10YR UNLIMITED HR P + L + T,FESBA_L258-2,,,FESBA_L258-2,,
,false,,USD,,,Hardware,true,true,false,No Enclosure,FESBA_NOENC,,,FESBA_NOENC,,
Voltage PC,false,,USD,,,Hardware,true,true,false,"277/480,3 Phase,Wye,4 Wire",FESBA_R002-2,,,FESBA_R002-2,,
Voltage PC,false,,USD,,,Hardware,true,true,false,"240/416,3 Phase,Wye,4 Wire",FESBA_R003-2,,,FESBA_R003-2,,
Voltage PC,false,,USD,,,Hardware,true,true,false,"255/440,3 Phase,Wye,4 Wire",FESBA_R023-2,,,FESBA_R023-2,,
Voltage PC,false,,USD,,,Hardware,true,true,false,"220/380,3 Phase,Wye,4 Wire",FESBA_R099-2,,,FESBA_R099-2,,
Voltage PC,false,,USD,,,Hardware,true,true,false,"2400/4160,3 Phase,Wye,4Wire",FESBA_R107-2,,,FESBA_R107-2,,
Voltage PC,false,,USD,,,Hardware,true,true,false,"347/600,3 Phase,Wye,4 Wire",FESBA_R114-2,,,FESBA_R114-2,,
Voltage PC,false,,USD,,,Hardware,true,true,false,"7976/13800,3 Ph,Wye,4 Wire",FESBA_R130-2,,,FESBA_R130-2,,
Voltage PC,false,,USD,,,Hardware,true,true,false,"7621/13200,3 Ph,Wye,4 Wire",FESBA_R132-2,,,FESBA_R132-2,,
Voltage PC,false,,USD,,,Hardware,true,true,false,"7200/12470,3 Ph,Wye,4 Wire",FESBA_R144-2,,,FESBA_R144-2,,
,false,,USD,,,Hardware,true,true,false,Level 1 Sound Attenuated Enclosure,FESBA_S1ENC,,,FESBA_S1ENC,,
,false,,USD,,,Hardware,true,true,false,Level 2 Sound Attenuated Enclosure,FESBA_S2ENC,,,FESBA_S2ENC,,
,false,,USD,,,Hardware,true,true,false,Level 3 Sound Attenuated Enclosure,FESBA_S3ENC,,,FESBA_S3ENC,,
,false,,USD,,,Hardware,true,true,false,Weather Protected Enclosure,FESBA_WHENC,,,FESBA_WHENC,,
,false,Allowed,USD,"These lower power range generator sets are built with the same engineering and system expertise as our larger gensets, featuring low fuel consumption, high efficiency and outstanding reliability.",/resource/1736281665000/generators/400kw.png,Generator Set,true,true,false,GAMD Generator Set,GAMD-FRD,,,GAMD-FRD,Bundle,
MiscGen,false,,USD,"Electrical conduit pipes (PVC, EMT, or rigid metal).
Couplings, connectors, and fittings for conduits.
Cable glands for sealing cable entry points.",,,true,false,false,Conduits and Fittings,Generator-Conduit,,,Generator-Conduit,,
MiscGen,false,Allowed,USD,High-capacity power cables for generator-to-panel connections.,,,true,false,false,Wiring & Cables,Generator-Wiring,,,Generator-Wiring,,
Buckets PC,false,Allowed,USD,Enhanced bucket shape allows material to flow more easily. Tapered bucket sidewalls allow for easy dumping of sticky material.,/resource/1743026441000/GeneralBucket?,,true,true,false,General Purpose Bucket,GP-Bucket,,,GP-Bucket,,
,false,Allowed,USD,"Ensure the safety and efficiency of your heavy equipment with our GPS Tracker Subscription, offering real-time location tracking, comprehensive usage reports, and maintenance alerts to maximize operational uptime.",/resource/1743026472000/GPSTracker?,,true,true,true,GPS Tracker Subscription,GPST,,,GPST,,
,false,,USD,"A highly corrosive, strong mineral acid",/resource/1743027236000/H2SO4IBC?,,true,false,false,Sulfuric Acid (H2SO4) - 1000L IBC,H2SO4-1000L-IBC,,,H2SO4-1000L-IBC,,1000L-IBC
,false,,USD,"A highly corrosive, strong mineral acid",/resource/1743027276000/H2SO4Drum?,,true,false,false,Sulfuric Acid (H2SO4) - 200L Drum,H2SO4-200L-DR,,,H2SO4-200L-DR,,200L-DR
,false,Allowed,USD,,,Service,true,false,false,Installation Fee,Install-Fee,,,Install-Fee,,
,false,,USD,"To assess the generatorâ€™s cooling and ventilation needs, as well as the placement and anchoring of the generator.",,Service,true,false,false,Mechanical Engineer,Mechanical-Engineer,,,Mechanical-Engineer,,
MiscGen,false,,USD,"Includes bolts, nuts, washers for securing the generator to the foundation. Also includes Anchor Kit & Anti-Vibration Pads.",,,true,false,false,Mounting Hardware,Mounting-Hardware,,,Mounting-Hardware,,
,false,Allowed,USD,Maintenance Visits,/resource/1743026693000/MaintenanceVisit?,,true,true,true,Maintenance Visit,MV,,,MV,,
,false,Allowed,USD,"A strong alkaline base, also known as caustic soda.",/resource/1743026914000/NaOHBag?,,true,false,false,Sodium Hydroxide (NaOH) - 25KG Bag,NaOH-25KG,,,NaOH-25KG,,25kg-BAG
,false,Allowed,USD,"A strong alkaline base, also known as caustic soda.",/resource/1743026914000/NaOHBag?,,true,false,false,Sodium Hydroxide (NaOH) - 50KG Bag,NaOH-50KG,,,NaOH-50KG,,50kg-BAG
,false,Allowed,USD,"A colorless gas with a pungent odor, used in various industrial processes.",/resource/1743025960000/NH3Cyl?,,true,false,false,Ammonia (NH3) - CYL,NH3-CYL,,,NH3-CYL,,CYL
,false,Allowed,USD,A substance that initiates or accelerates the polymerization process.,/resource/1743026820000/PC500Pail?,,true,false,false,Polymerization Catalyst (PC-500) - 5KG Pail,PC-500-5KG,,,PC-500-5KG,,5KG-PAIL
,false,Allowed,USD,A versatile thermoplastic polymer known for its durability and flexibility.,/resource/1743026787000/PE1000Bag?,,true,false,false,Polyethylene (PE-1000) - 25KG Bag,PE-1000-25KG,,,PE-1000-25KG,,25kg-BAG
,false,Allowed,USD,"Remote diagnostic services that use GPS or telematics systems to monitor the performance, health, and location of the skid steer in real-time. Alerts are sent to the owner or the service provider when maintenance is required or issues are detected.",/resource/1743026855000/RemoteMonitoring?,,true,true,true,Remote Monitoring Services,Remote-Monitoring,,,Remote-Monitoring,,
,false,Allowed,USD,"Durable oil filter engineered to trap contaminants, protect your engine, and extend the life of your vehicle with optimal filtration efficiency.",/resource/1743026721000/OilFilter?,,true,false,false,Oil Filter,RHO-ENG-022,,,RHO-ENG-022,,
,false,Allowed,USD,,/resource/1743027371000/BadgerOil?,,true,false,false,Synthetic Engine Oil,RLM-SW-40,,,RLM-SW-40,,
,false,Allowed,USD,"-Extended Warranty
-20% discount on parts
-1 maintenance visit
-10% discount on ALL labor",/resource/1743026881000/ServiceContract?,,true,true,false,Service Contract,SC-GOLD,,,SC-GOLD,Bundle,
,false,Allowed,USD,Test Subscription Product,,Software,true,true,false,Subscription,SUB,Each,,SUB,,
,false,Allowed,USD,A white pigment that provides opacity and UV protection.,/resource/1743027413000/TiO21000kg?,,true,false,false,Titanium Dioxide (TiO2-500) - 1000KG Sack,TiO2-500-1000KG,,,TiO2-500-1000KG,,1000KG-Sack
,false,Allowed,USD,A white pigment that provides opacity and UV protection.,/resource/1743027446000/TiO2Bag?,,true,false,false,Titanium Dioxide (TiO2-500) - 25KG Bag,TiO2-500-25KG,,,TiO2-500-25KG,,25kg-BAG
,false,Allowed,USD,An aromatic hydrocarbon solvent used for its dissolving properties.,/resource/1743027490000/TOL100IBC?,,true,false,false,Toluene (TOL-100) - 1000L IBC,TOL-100-1000L,,,TOL-100-1000L,,1000L-IBC
,false,Allowed,USD,An aromatic hydrocarbon solvent used for its dissolving properties.,/resource/1743027524000/TOL100Drum?,,true,false,false,Toluene (TOL-100) - 200L Drum,TOL-100-200L,,,TOL-100-200L,,200L-DR
Buckets PC,false,Allowed,USD,"Make quick work of all your trenching jobs whether they're water, power and telecommunications or sewer and drainage projects. Add more depth to your Bobcat machine by adding a trenching bucket for those tough jobs.",/resource/1743027615000/TrenchingBucket?,,true,true,false,Trenching Bucket,TRENCHING-BUCKET,,,TRENCHING-BUCKET,,
,false,Allowed,USD,A chemical compound that protects polymers from ultraviolet light degradation.,/resource/1743027667000/UV2000Bag?,,true,false,false,UV Stabilizer (UV-2000) - 25KG Bag,UV-2000-25KG,,,UV-2000-25KG,,25kg-BAG
,false,Allowed,USD,Maintenance coverage for basic machine wear.,/resource/1743026252000/Warranty?,,true,true,true,Standard Year Warranty,WARR-STD-1YR,,,WARR-STD-1YR,,
,false,Allowed,USD,"A mixture of xylene isomers, used as a solvent in various industries.",/resource/1743027700000/XYL200IBC?,,true,false,false,Xylene (XYL-200) - 1000L IBC,XYL-200-1000L,,,XYL-200-1000L,,1000L-IBC
,false,Allowed,USD,"A mixture of xylene isomers, used as a solvent in various industries.",/resource/1743027733000/XYL200Drum?,,true,false,false,Xylene (XYL-200) - 200L Drum,XYL-200-200L,,,XYL-200-200L,,200L-DR
