$$ChildProductClassification.Code$ChildProduct.StockKeepingUnit$ParentProduct.StockKeepingUnit$ProductComponentGroup.Code$ProductRelationshipType.Name,ChildProduct.StockKeepingUnit,ChildProductClassification.Code,ChildProductRole,ChildSellingModel.$$Name$SellingModelType,DoesBundlePriceIncludeChild,IsComponentRequired,IsDefaultComponent,IsQuantityEditable,MaxQuantity,MinQuantity,Name,ParentProduct.StockKeepingUnit,ParentProductRole,ParentSellingModel.$$Name$SellingModelType,ProductComponentGroup.$$Code$ParentProduct.StockKeepingUnit,ProductRelationshipType.Name,Quantity,QuantityScaleMethod,Sequence,UnitOfMeasure.UnitCode
MV;SC-GOLD;Bundle to Bundle Component Relationship,MV,,BundleComponent,,false,true,true,true,,,PRC-000000039,SC-GOLD,Bundle,,SC-GOLD,Bundle to Bundle Component Relationship,1,,30,
20-DP;SC-GOLD;Bundle to Bundle Component Relationship,20-DP,,BundleComponent,,true,true,true,false,,,PRC-000000040,SC-GOLD,Bundle,,SC-GOLD,Bundle to Bundle Component Relationship,1,Proportional,10,
10-DL;SC-GOLD;Bundle to Bundle Component Relationship,10-DL,,BundleComponent,,true,true,true,false,,,PRC-000000041,SC-GOLD,Bundle,,SC-GOLD,Bundle to Bundle Component Relationship,1,Proportional,20,
EW;SC-GOLD;Bundle to Bundle Component Relationship,EW,,BundleComponent,,true,true,true,false,,,PRC-000000042,SC-GOLD,Bundle,,SC-GOLD,Bundle to Bundle Component Relationship,1,Proportional,40,
FA-Entitlement;SC-GOLD;Bundle to Bundle Component Relationship,FA-Entitlement,,BundleComponent,,false,false,false,false,,,PRC-000000043,SC-GOLD,Bundle,,SC-GOLD,Bundle to Bundle Component Relationship,1,,20,
Remote-Monitoring;SC-GOLD;Bundle to Bundle Component Relationship,Remote-Monitoring,,BundleComponent,,false,false,false,false,,,PRC-000000044,SC-GOLD,Bundle,,SC-GOLD,Bundle to Bundle Component Relationship,1,,10,
EW;414LP-KAA-E-SSL;Bundle to Bundle Component Relationship,EW,,BundleComponent,,false,false,false,false,,,PRC-000000045,414LP-KAA-E-SSL,Bundle,,414LP-KAA-E-SSL,Bundle to Bundle Component Relationship,1,Proportional,20,
414LP-KAA-TT1;414LP-KAA-E-SSL;Bundle to Bundle Component Relationship,414LP-KAA-TT1,,BundleComponent,,true,false,true,false,,,PRC-000000046,414LP-KAA-E-SSL,Bundle,,414LP-KAA-E-SSL,Bundle to Bundle Component Relationship,4,Proportional,10,
414LP-KAA-TT2;414LP-KAA-E-SSL;Bundle to Bundle Component Relationship,414LP-KAA-TT2,,BundleComponent,,false,false,false,false,,,PRC-000000047,414LP-KAA-E-SSL,Bundle,,414LP-KAA-E-SSL,Bundle to Bundle Component Relationship,4,Proportional,20,
TRENCHING-BUCKET;414LP-KAA-E-SSL;Bundle to Bundle Component Relationship,TRENCHING-BUCKET,,BundleComponent,,false,false,false,false,,,PRC-000000048,414LP-KAA-E-SSL,Bundle,,414LP-KAA-E-SSL,Bundle to Bundle Component Relationship,1,Proportional,30,
GP-Bucket;414LP-KAA-E-SSL;Bundle to Bundle Component Relationship,GP-Bucket,,BundleComponent,,false,false,true,false,,,PRC-000000049,414LP-KAA-E-SSL,Bundle,,414LP-KAA-E-SSL,Bundle to Bundle Component Relationship,1,Proportional,10,
414LP-KAA-CAB2;414LP-KAA-E-SSL;Bundle to Bundle Component Relationship,414LP-KAA-CAB2,,BundleComponent,,false,false,false,false,,,PRC-000000050,414LP-KAA-E-SSL,Bundle,,414LP-KAA-E-SSL,Bundle to Bundle Component Relationship,1,Proportional,10,
414LP-KAA-CAB3;414LP-KAA-E-SSL;Bundle to Bundle Component Relationship,414LP-KAA-CAB3,,BundleComponent,,false,false,false,false,,,PRC-000000051,414LP-KAA-E-SSL,Bundle,,414LP-KAA-E-SSL,Bundle to Bundle Component Relationship,1,Proportional,20,
DIRT-BUCKET;414LP-KAA-E-SSL;Bundle to Bundle Component Relationship,DIRT-BUCKET,,BundleComponent,,false,false,false,false,,,PRC-000000052,414LP-KAA-E-SSL,Bundle,,414LP-KAA-E-SSL,Bundle to Bundle Component Relationship,1,Proportional,20,
WARR-STD-1YR;414LP-KAA-E-SSL;Bundle to Bundle Component Relationship,WARR-STD-1YR,,BundleComponent,,true,false,true,false,,,PRC-000000053,414LP-KAA-E-SSL,Bundle,,414LP-KAA-E-SSL,Bundle to Bundle Component Relationship,1,Proportional,10,
GPST;414LP-KAA-E-SSL;Bundle to Bundle Component Relationship,GPST,,BundleComponent,,false,false,false,false,,,PRC-000000054,414LP-KAA-E-SSL,Bundle,,414LP-KAA-E-SSL,Bundle to Bundle Component Relationship,1,Proportional,10,
FESBA_900;FESBA-FRD;Model;Bundle to Bundle Component Relationship,FESBA_900,,BundleComponent,,false,false,false,false,,,PRC-000000055,FESBA-FRD,Bundle,,Model;FESBA-FRD,Bundle to Bundle Component Relationship,1,Proportional,1,
FESBA_1200;FESBA-FRD;Model;Bundle to Bundle Component Relationship,FESBA_1200,,BundleComponent,,false,false,false,false,,,PRC-000000056,FESBA-FRD,Bundle,,Model;FESBA-FRD,Bundle to Bundle Component Relationship,1,Proportional,2,
FESBA_1500;FESBA-FRD;Model;Bundle to Bundle Component Relationship,FESBA_1500,,BundleComponent,,false,false,false,false,,,PRC-000000057,FESBA-FRD,Bundle,,Model;FESBA-FRD,Bundle to Bundle Component Relationship,1,Proportional,3,
FESBA_1750;FESBA-FRD;Model;Bundle to Bundle Component Relationship,FESBA_1750,,BundleComponent,,false,false,false,false,,,PRC-000000058,FESBA-FRD,Bundle,,Model;FESBA-FRD,Bundle to Bundle Component Relationship,1,Proportional,4,
FESBA_2500;FESBA-FRD;Model;Bundle to Bundle Component Relationship,FESBA_2500,,BundleComponent,,false,false,false,false,,,PRC-000000059,FESBA-FRD,Bundle,,Model;FESBA-FRD,Bundle to Bundle Component Relationship,1,Proportional,5,
FESBA_R099-2;FESBA-FRD;Voltage Connection;Bundle to Bundle Component Relationship,FESBA_R099-2,,BundleComponent,,false,false,false,false,,,PRC-000000060,FESBA-FRD,Bundle,,Voltage Connection;FESBA-FRD,Bundle to Bundle Component Relationship,1,Proportional,6,
FESBA_R003-2;FESBA-FRD;Voltage Connection;Bundle to Bundle Component Relationship,FESBA_R003-2,,BundleComponent,,false,false,false,false,,,PRC-000000061,FESBA-FRD,Bundle,,Voltage Connection;FESBA-FRD,Bundle to Bundle Component Relationship,1,Proportional,7,
FESBA_B691-2;FESBA-FRD;Main Alternator;Bundle to Bundle Component Relationship,FESBA_B691-2,,BundleComponent,,false,false,false,false,,,PRC-000000062,FESBA-FRD,Bundle,,Main Alternator;FESBA-FRD,Bundle to Bundle Component Relationship,1,Proportional,36,
FESBA_R023-2;FESBA-FRD;Voltage Connection;Bundle to Bundle Component Relationship,FESBA_R023-2,,BundleComponent,,false,false,false,false,,,PRC-000000063,FESBA-FRD,Bundle,,Voltage Connection;FESBA-FRD,Bundle to Bundle Component Relationship,1,Proportional,8,
FESBA_B715-2;FESBA-FRD;Main Alternator;Bundle to Bundle Component Relationship,FESBA_B715-2,,BundleComponent,,false,false,false,false,,,PRC-000000064,FESBA-FRD,Bundle,,Main Alternator;FESBA-FRD,Bundle to Bundle Component Relationship,1,Proportional,37,
FESBA_R002-2;FESBA-FRD;Voltage Connection;Bundle to Bundle Component Relationship,FESBA_R002-2,,BundleComponent,,false,false,false,false,,,PRC-000000065,FESBA-FRD,Bundle,,Voltage Connection;FESBA-FRD,Bundle to Bundle Component Relationship,1,Proportional,9,
FESBA_B801-2;FESBA-FRD;Main Alternator;Bundle to Bundle Component Relationship,FESBA_B801-2,,BundleComponent,,false,false,false,false,,,PRC-000000066,FESBA-FRD,Bundle,,Main Alternator;FESBA-FRD,Bundle to Bundle Component Relationship,1,Proportional,38,
FESBA_R114-2;FESBA-FRD;Voltage Connection;Bundle to Bundle Component Relationship,FESBA_R114-2,,BundleComponent,,false,false,false,false,,,PRC-000000067,FESBA-FRD,Bundle,,Voltage Connection;FESBA-FRD,Bundle to Bundle Component Relationship,1,Proportional,10,
FESBA_B816-2;FESBA-FRD;Main Alternator;Bundle to Bundle Component Relationship,FESBA_B816-2,,BundleComponent,,false,false,false,false,,,PRC-000000068,FESBA-FRD,Bundle,,Main Alternator;FESBA-FRD,Bundle to Bundle Component Relationship,1,Proportional,39,
FESBA_R107-2;FESBA-FRD;Voltage Connection;Bundle to Bundle Component Relationship,FESBA_R107-2,,BundleComponent,,false,false,false,false,,,PRC-000000069,FESBA-FRD,Bundle,,Voltage Connection;FESBA-FRD,Bundle to Bundle Component Relationship,1,Proportional,11,
FESBA_B817-2;FESBA-FRD;Main Alternator;Bundle to Bundle Component Relationship,FESBA_B817-2,,BundleComponent,,false,false,false,false,,,PRC-000000070,FESBA-FRD,Bundle,,Main Alternator;FESBA-FRD,Bundle to Bundle Component Relationship,1,Proportional,40,
FESBA_R144-2;FESBA-FRD;Voltage Connection;Bundle to Bundle Component Relationship,FESBA_R144-2,,BundleComponent,,false,false,false,false,,,PRC-000000071,FESBA-FRD,Bundle,,Voltage Connection;FESBA-FRD,Bundle to Bundle Component Relationship,1,Proportional,12,
FESBA_B903-2;FESBA-FRD;Main Alternator;Bundle to Bundle Component Relationship,FESBA_B903-2,,BundleComponent,,false,false,false,false,,,PRC-000000072,FESBA-FRD,Bundle,,Main Alternator;FESBA-FRD,Bundle to Bundle Component Relationship,1,Proportional,43,
FESBA_R132-2;FESBA-FRD;Voltage Connection;Bundle to Bundle Component Relationship,FESBA_R132-2,,BundleComponent,,false,false,false,false,,,PRC-000000073,FESBA-FRD,Bundle,,Voltage Connection;FESBA-FRD,Bundle to Bundle Component Relationship,1,Proportional,13,
FESBA_B904-2;FESBA-FRD;Main Alternator;Bundle to Bundle Component Relationship,FESBA_B904-2,,BundleComponent,,false,false,false,false,,,PRC-000000074,FESBA-FRD,Bundle,,Main Alternator;FESBA-FRD,Bundle to Bundle Component Relationship,1,Proportional,44,
FESBA_R130-2;FESBA-FRD;Voltage Connection;Bundle to Bundle Component Relationship,FESBA_R130-2,,BundleComponent,,false,false,false,false,,,PRC-000000075,FESBA-FRD,Bundle,,Voltage Connection;FESBA-FRD,Bundle to Bundle Component Relationship,1,Proportional,14,
FESBA_B905-2;FESBA-FRD;Main Alternator;Bundle to Bundle Component Relationship,FESBA_B905-2,,BundleComponent,,false,false,false,false,,,PRC-000000076,FESBA-FRD,Bundle,,Main Alternator;FESBA-FRD,Bundle to Bundle Component Relationship,1,Proportional,45,
FESBA_B313-2;FESBA-FRD;Main Alternator;Bundle to Bundle Component Relationship,FESBA_B313-2,,BundleComponent,,false,false,false,false,,,PRC-000000077,FESBA-FRD,Bundle,,Main Alternator;FESBA-FRD,Bundle to Bundle Component Relationship,1,Proportional,15,
FESBA_B906-2;FESBA-FRD;Main Alternator;Bundle to Bundle Component Relationship,FESBA_B906-2,,BundleComponent,,false,false,false,false,,,PRC-000000078,FESBA-FRD,Bundle,,Main Alternator;FESBA-FRD,Bundle to Bundle Component Relationship,1,Proportional,46,
FESBA_B448-2;FESBA-FRD;Main Alternator;Bundle to Bundle Component Relationship,FESBA_B448-2,,BundleComponent,,false,false,false,false,,,PRC-000000079,FESBA-FRD,Bundle,,Main Alternator;FESBA-FRD,Bundle to Bundle Component Relationship,1,Proportional,16,
FESBA_B907-2;FESBA-FRD;Main Alternator;Bundle to Bundle Component Relationship,FESBA_B907-2,,BundleComponent,,false,false,false,false,,,PRC-000000080,FESBA-FRD,Bundle,,Main Alternator;FESBA-FRD,Bundle to Bundle Component Relationship,1,Proportional,47,
FESBA_B467-2;FESBA-FRD;Main Alternator;Bundle to Bundle Component Relationship,FESBA_B467-2,,BundleComponent,,false,false,false,false,,,PRC-000000081,FESBA-FRD,Bundle,,Main Alternator;FESBA-FRD,Bundle to Bundle Component Relationship,1,Proportional,17,
FESBA_B909-2;FESBA-FRD;Main Alternator;Bundle to Bundle Component Relationship,FESBA_B909-2,,BundleComponent,,false,false,false,false,,,PRC-000000082,FESBA-FRD,Bundle,,Main Alternator;FESBA-FRD,Bundle to Bundle Component Relationship,1,Proportional,48,
FESBA_B567-2;FESBA-FRD;Main Alternator;Bundle to Bundle Component Relationship,FESBA_B567-2,,BundleComponent,,false,false,false,false,,,PRC-000000083,FESBA-FRD,Bundle,,Main Alternator;FESBA-FRD,Bundle to Bundle Component Relationship,1,Proportional,18,
FESBA_BB08-2;FESBA-FRD;Main Alternator;Bundle to Bundle Component Relationship,FESBA_BB08-2,,BundleComponent,,false,false,false,false,,,PRC-000000084,FESBA-FRD,Bundle,,Main Alternator;FESBA-FRD,Bundle to Bundle Component Relationship,1,Proportional,49,
FESBA_B595-2;FESBA-FRD;Main Alternator;Bundle to Bundle Component Relationship,FESBA_B595-2,,BundleComponent,,false,false,false,false,,,PRC-000000085,FESBA-FRD,Bundle,,Main Alternator;FESBA-FRD,Bundle to Bundle Component Relationship,1,Proportional,19,
FESBA_BB10-2;FESBA-FRD;Main Alternator;Bundle to Bundle Component Relationship,FESBA_BB10-2,,BundleComponent,,false,false,false,false,,,PRC-000000086,FESBA-FRD,Bundle,,Main Alternator;FESBA-FRD,Bundle to Bundle Component Relationship,1,Proportional,50,
FESBA_B598-2;FESBA-FRD;Main Alternator;Bundle to Bundle Component Relationship,FESBA_B598-2,,BundleComponent,,false,false,false,false,,,PRC-000000087,FESBA-FRD,Bundle,,Main Alternator;FESBA-FRD,Bundle to Bundle Component Relationship,1,Proportional,20,
FESBA_BB12-2;FESBA-FRD;Main Alternator;Bundle to Bundle Component Relationship,FESBA_BB12-2,,BundleComponent,,false,false,false,false,,,PRC-000000088,FESBA-FRD,Bundle,,Main Alternator;FESBA-FRD,Bundle to Bundle Component Relationship,1,Proportional,51,
FESBA_B599-2;FESBA-FRD;Main Alternator;Bundle to Bundle Component Relationship,FESBA_B599-2,,BundleComponent,,false,false,false,false,,,PRC-000000089,FESBA-FRD,Bundle,,Main Alternator;FESBA-FRD,Bundle to Bundle Component Relationship,1,Proportional,22,
FESBA_BB14-2;FESBA-FRD;Main Alternator;Bundle to Bundle Component Relationship,FESBA_BB14-2,,BundleComponent,,false,false,false,false,,,PRC-000000090,FESBA-FRD,Bundle,,Main Alternator;FESBA-FRD,Bundle to Bundle Component Relationship,1,Proportional,52,
FESBA_B600-2;FESBA-FRD;Main Alternator;Bundle to Bundle Component Relationship,FESBA_B600-2,,BundleComponent,,false,false,false,false,,,PRC-000000091,FESBA-FRD,Bundle,,Main Alternator;FESBA-FRD,Bundle to Bundle Component Relationship,1,Proportional,23,
FESBA_BB15-2;FESBA-FRD;Main Alternator;Bundle to Bundle Component Relationship,FESBA_BB15-2,,BundleComponent,,false,false,false,false,,,PRC-000000092,FESBA-FRD,Bundle,,Main Alternator;FESBA-FRD,Bundle to Bundle Component Relationship,1,Proportional,53,
FESBA_B601-2;FESBA-FRD;Main Alternator;Bundle to Bundle Component Relationship,FESBA_B601-2,,BundleComponent,,false,false,false,false,,,PRC-000000093,FESBA-FRD,Bundle,,Main Alternator;FESBA-FRD,Bundle to Bundle Component Relationship,1,Proportional,24,
FESBA_BB17-2;FESBA-FRD;Main Alternator;Bundle to Bundle Component Relationship,FESBA_BB17-2,,BundleComponent,,false,false,false,false,,,PRC-000000094,FESBA-FRD,Bundle,,Main Alternator;FESBA-FRD,Bundle to Bundle Component Relationship,1,Proportional,54,
FESBA_B602-2;FESBA-FRD;Main Alternator;Bundle to Bundle Component Relationship,FESBA_B602-2,,BundleComponent,,false,false,false,false,,,PRC-000000095,FESBA-FRD,Bundle,,Main Alternator;FESBA-FRD,Bundle to Bundle Component Relationship,1,Proportional,25,
FESBA_BB18-2;FESBA-FRD;Main Alternator;Bundle to Bundle Component Relationship,FESBA_BB18-2,,BundleComponent,,false,false,false,false,,,PRC-000000096,FESBA-FRD,Bundle,,Main Alternator;FESBA-FRD,Bundle to Bundle Component Relationship,1,Proportional,55,
FESBA_B603-2;FESBA-FRD;Main Alternator;Bundle to Bundle Component Relationship,FESBA_B603-2,,BundleComponent,,false,false,false,false,,,PRC-000000097,FESBA-FRD,Bundle,,Main Alternator;FESBA-FRD,Bundle to Bundle Component Relationship,1,Proportional,26,
FESBA_BB20-2;FESBA-FRD;Main Alternator;Bundle to Bundle Component Relationship,FESBA_BB20-2,,BundleComponent,,false,false,false,false,,,PRC-000000098,FESBA-FRD,Bundle,,Main Alternator;FESBA-FRD,Bundle to Bundle Component Relationship,1,Proportional,56,
FESBA_B604-2;FESBA-FRD;Main Alternator;Bundle to Bundle Component Relationship,FESBA_B604-2,,BundleComponent,,false,false,false,false,,,PRC-000000099,FESBA-FRD,Bundle,,Main Alternator;FESBA-FRD,Bundle to Bundle Component Relationship,1,Proportional,27,
FESBA_BB23-2;FESBA-FRD;Main Alternator;Bundle to Bundle Component Relationship,FESBA_BB23-2,,BundleComponent,,false,false,false,false,,,PRC-000000100,FESBA-FRD,Bundle,,Main Alternator;FESBA-FRD,Bundle to Bundle Component Relationship,1,Proportional,57,
FESBA_B607-2;FESBA-FRD;Main Alternator;Bundle to Bundle Component Relationship,FESBA_B607-2,,BundleComponent,,false,false,false,false,,,PRC-000000101,FESBA-FRD,Bundle,,Main Alternator;FESBA-FRD,Bundle to Bundle Component Relationship,1,Proportional,28,
FESBA_BB26-2;FESBA-FRD;Main Alternator;Bundle to Bundle Component Relationship,FESBA_BB26-2,,BundleComponent,,false,false,false,false,,,PRC-000000102,FESBA-FRD,Bundle,,Main Alternator;FESBA-FRD,Bundle to Bundle Component Relationship,1,Proportional,58,
FESBA_B612-2;FESBA-FRD;Main Alternator;Bundle to Bundle Component Relationship,FESBA_B612-2,,BundleComponent,,false,false,false,false,,,PRC-000000103,FESBA-FRD,Bundle,,Main Alternator;FESBA-FRD,Bundle to Bundle Component Relationship,1,Proportional,29,
FESBA_BB29-2;FESBA-FRD;Main Alternator;Bundle to Bundle Component Relationship,FESBA_BB29-2,,BundleComponent,,false,false,false,false,,,PRC-000000104,FESBA-FRD,Bundle,,Main Alternator;FESBA-FRD,Bundle to Bundle Component Relationship,1,Proportional,59,
FESBA_B628-2;FESBA-FRD;Main Alternator;Bundle to Bundle Component Relationship,FESBA_B628-2,,BundleComponent,,false,false,false,false,,,PRC-000000105,FESBA-FRD,Bundle,,Main Alternator;FESBA-FRD,Bundle to Bundle Component Relationship,1,Proportional,30,
FESBA_BC03-2;FESBA-FRD;Main Alternator;Bundle to Bundle Component Relationship,FESBA_BC03-2,,BundleComponent,,false,false,false,false,,,PRC-000000106,FESBA-FRD,Bundle,,Main Alternator;FESBA-FRD,Bundle to Bundle Component Relationship,1,Proportional,60,
FESBA_B660-2;FESBA-FRD;Main Alternator;Bundle to Bundle Component Relationship,FESBA_B660-2,,BundleComponent,,false,false,false,false,,,PRC-000000107,FESBA-FRD,Bundle,,Main Alternator;FESBA-FRD,Bundle to Bundle Component Relationship,1,Proportional,32,
FESBA_BC04-2;FESBA-FRD;Main Alternator;Bundle to Bundle Component Relationship,FESBA_BC04-2,,BundleComponent,,false,false,false,false,,,PRC-000000108,FESBA-FRD,Bundle,,Main Alternator;FESBA-FRD,Bundle to Bundle Component Relationship,1,Proportional,62,
FESBA_B663-2;FESBA-FRD;Main Alternator;Bundle to Bundle Component Relationship,FESBA_B663-2,,BundleComponent,,false,false,false,false,,,PRC-000000109,FESBA-FRD,Bundle,,Main Alternator;FESBA-FRD,Bundle to Bundle Component Relationship,1,Proportional,33,
FESBA_BC05-2;FESBA-FRD;Main Alternator;Bundle to Bundle Component Relationship,FESBA_BC05-2,,BundleComponent,,false,false,false,false,,,PRC-000000110,FESBA-FRD,Bundle,,Main Alternator;FESBA-FRD,Bundle to Bundle Component Relationship,1,Proportional,63,
FESBA_B664-2;FESBA-FRD;Main Alternator;Bundle to Bundle Component Relationship,FESBA_B664-2,,BundleComponent,,false,false,false,false,,,PRC-000000111,FESBA-FRD,Bundle,,Main Alternator;FESBA-FRD,Bundle to Bundle Component Relationship,1,Proportional,34,
FESBA_2940;FESBA-FRD;Engine Model;Bundle to Bundle Component Relationship,FESBA_2940,,BundleComponent,,true,true,true,false,,,PRC-000000112,FESBA-FRD,Bundle,,Engine Model;FESBA-FRD,Bundle to Bundle Component Relationship,1,Proportional,64,
FESBA_B688-2;FESBA-FRD;Main Alternator;Bundle to Bundle Component Relationship,FESBA_B688-2,,BundleComponent,,false,false,false,false,,,PRC-000000113,FESBA-FRD,Bundle,,Main Alternator;FESBA-FRD,Bundle to Bundle Component Relationship,1,Proportional,35,
FESBA_D041-2;FESBA-FRD;Air Cleaner Duty Rating;Bundle to Bundle Component Relationship,FESBA_D041-2,,BundleComponent,,true,false,true,false,,,PRC-000000114,FESBA-FRD,Bundle,,Air Cleaner Duty Rating;FESBA-FRD,Bundle to Bundle Component Relationship,1,Proportional,65,
FESBA_D036-2;FESBA-FRD;Air Cleaner Duty Rating;Bundle to Bundle Component Relationship,FESBA_D036-2,,BundleComponent,,false,false,false,false,,,PRC-000000115,FESBA-FRD,Bundle,,Air Cleaner Duty Rating;FESBA-FRD,Bundle to Bundle Component Relationship,1,Proportional,66,
FESBA_A334-2;FESBA-FRD;Starter Motor;Bundle to Bundle Component Relationship,FESBA_A334-2,,BundleComponent,,true,true,true,false,,,PRC-000000116,FESBA-FRD,Bundle,,Starter Motor;FESBA-FRD,Bundle to Bundle Component Relationship,1,Proportional,67,
FESBA_A333-2;FESBA-FRD;Battery Charging Alternator;Bundle to Bundle Component Relationship,FESBA_A333-2,,BundleComponent,,true,true,true,false,,,PRC-000000117,FESBA-FRD,Bundle,,Battery Charging Alternator;FESBA-FRD,Bundle to Bundle Component Relationship,1,Proportional,68,
FESBA_H607-2;FESBA-FRD;Oil System Options;Bundle to Bundle Component Relationship,FESBA_H607-2,,BundleComponent,,false,false,true,false,,,PRC-000000118,FESBA-FRD,Bundle,,Oil System Options;FESBA-FRD,Bundle to Bundle Component Relationship,1,Proportional,69,
FESBA_H734-2;FESBA-FRD;Oil System Options;Bundle to Bundle Component Relationship,FESBA_H734-2,,BundleComponent,,false,false,false,false,,,PRC-000000119,FESBA-FRD,Bundle,,Oil System Options;FESBA-FRD,Bundle to Bundle Component Relationship,1,Proportional,70,
FESBA_H110-2;FESBA-FRD;Oil System Options;Bundle to Bundle Component Relationship,FESBA_H110-2,,BundleComponent,,false,false,false,false,,,PRC-000000120,FESBA-FRD,Bundle,,Oil System Options;FESBA-FRD,Bundle to Bundle Component Relationship,1,Proportional,71,
FESBA_C127-2;FESBA-FRD;Fuel System Options;Bundle to Bundle Component Relationship,FESBA_C127-2,,BundleComponent,,false,false,true,false,,,PRC-000000121,FESBA-FRD,Bundle,,Fuel System Options;FESBA-FRD,Bundle to Bundle Component Relationship,1,Proportional,72,
FESBA_3090;FESBA-FRD;Fuel Filter;Bundle to Bundle Component Relationship,FESBA_3090,,BundleComponent,,true,false,true,false,,,PRC-000000122,FESBA-FRD,Bundle,,Fuel Filter;FESBA-FRD,Bundle to Bundle Component Relationship,1,Proportional,73,
FESBA_C278-2;FESBA-FRD;Fuel Filter;Bundle to Bundle Component Relationship,FESBA_C278-2,,BundleComponent,,false,false,false,false,,,PRC-000000123,FESBA-FRD,Bundle,,Fuel Filter;FESBA-FRD,Bundle to Bundle Component Relationship,1,Proportional,74,
FESBA_KS58-2;FESBA-FRD;Circuit Breaker or Box Arrangement;Bundle to Bundle Component Relationship,FESBA_KS58-2,,BundleComponent,,true,false,false,false,,,PRC-000000124,FESBA-FRD,Bundle,,Circuit Breaker or Box Arrangement;FESBA-FRD,Bundle to Bundle Component Relationship,1,Proportional,101,
FESBA_H556-2;FESBA-FRD;Coolant Heater;Bundle to Bundle Component Relationship,FESBA_H556-2,,BundleComponent,,false,false,false,false,,,PRC-000000125,FESBA-FRD,Bundle,,Coolant Heater;FESBA-FRD,Bundle to Bundle Component Relationship,1,Proportional,75,
FESBA_KU71-2;FESBA-FRD;Circuit Breaker or Terminal Box;Bundle to Bundle Component Relationship,FESBA_KU71-2,,BundleComponent,,true,false,true,false,,,PRC-000000126,FESBA-FRD,Bundle,,Circuit Breaker or Terminal Box;FESBA-FRD,Bundle to Bundle Component Relationship,1,Proportional,102,
FESBA_H557-2;FESBA-FRD;Coolant Heater;Bundle to Bundle Component Relationship,FESBA_H557-2,,BundleComponent,,false,false,false,false,,,PRC-000000127,FESBA-FRD,Bundle,,Coolant Heater;FESBA-FRD,Bundle to Bundle Component Relationship,1,Proportional,76,
FESBA_KC53-2;FESBA-FRD;Circuit Breaker or Terminal Box;Bundle to Bundle Component Relationship,FESBA_KC53-2,,BundleComponent,,true,false,false,false,,,PRC-000000128,FESBA-FRD,Bundle,,Circuit Breaker or Terminal Box;FESBA-FRD,Bundle to Bundle Component Relationship,1,Proportional,103,
FESBA_E043-2;FESBA-FRD;Cooling System;Bundle to Bundle Component Relationship,FESBA_E043-2,,BundleComponent,,true,false,false,false,,,PRC-000000129,FESBA-FRD,Bundle,,Cooling System;FESBA-FRD,Bundle to Bundle Component Relationship,1,Proportional,77,
FESBA_KP93-2;FESBA-FRD;Circuit Breaker or Terminal Box;Bundle to Bundle Component Relationship,FESBA_KP93-2,,BundleComponent,,true,false,false,false,,,PRC-000000130,FESBA-FRD,Bundle,,Circuit Breaker or Terminal Box;FESBA-FRD,Bundle to Bundle Component Relationship,1,Proportional,104,
FESBA_E125-2;FESBA-FRD;Cooling System;Bundle to Bundle Component Relationship,FESBA_E125-2,,BundleComponent,,false,false,true,false,,,PRC-000000131,FESBA-FRD,Bundle,,Cooling System;FESBA-FRD,Bundle to Bundle Component Relationship,1,Proportional,78,
FESBA_KP91-2;FESBA-FRD;Circuit Breaker or Terminal Box;Bundle to Bundle Component Relationship,FESBA_KP91-2,,BundleComponent,,true,false,false,false,,,PRC-000000132,FESBA-FRD,Bundle,,Circuit Breaker or Terminal Box;FESBA-FRD,Bundle to Bundle Component Relationship,1,Proportional,105,
FESBA_E126-2;FESBA-FRD;Cooling System;Bundle to Bundle Component Relationship,FESBA_E126-2,,BundleComponent,,false,false,false,false,,,PRC-000000133,FESBA-FRD,Bundle,,Cooling System;FESBA-FRD,Bundle to Bundle Component Relationship,1,Proportional,79,
FESBA_KP89-2;FESBA-FRD;Circuit Breaker or Terminal Box;Bundle to Bundle Component Relationship,FESBA_KP89-2,,BundleComponent,,true,false,false,false,,,PRC-000000134,FESBA-FRD,Bundle,,Circuit Breaker or Terminal Box;FESBA-FRD,Bundle to Bundle Component Relationship,1,Proportional,106,
FESBA_E128-2;FESBA-FRD;Cooling System;Bundle to Bundle Component Relationship,FESBA_E128-2,,BundleComponent,,false,false,false,false,,,PRC-000000135,FESBA-FRD,Bundle,,Cooling System;FESBA-FRD,Bundle to Bundle Component Relationship,1,Proportional,80,
FESBA_KP87-2;FESBA-FRD;Circuit Breaker or Terminal Box;Bundle to Bundle Component Relationship,FESBA_KP87-2,,BundleComponent,,true,false,false,false,,,PRC-000000136,FESBA-FRD,Bundle,,Circuit Breaker or Terminal Box;FESBA-FRD,Bundle to Bundle Component Relationship,1,Proportional,107,
FESBA_E080-2;FESBA-FRD;Cooling System Connection;Bundle to Bundle Component Relationship,FESBA_E080-2,,BundleComponent,,false,false,false,false,,,PRC-000000137,FESBA-FRD,Bundle,,Cooling System Connection;FESBA-FRD,Bundle to Bundle Component Relationship,1,Proportional,81,
FESBA_KP85-2;FESBA-FRD;Circuit Breaker or Terminal Box;Bundle to Bundle Component Relationship,FESBA_KP85-2,,BundleComponent,,true,false,false,false,,,PRC-000000138,FESBA-FRD,Bundle,,Circuit Breaker or Terminal Box;FESBA-FRD,Bundle to Bundle Component Relationship,1,Proportional,108,
FESBA_H389-2;FESBA-FRD;Cooling System Protection;Bundle to Bundle Component Relationship,FESBA_H389-2,,BundleComponent,,false,false,true,false,,,PRC-000000139,FESBA-FRD,Bundle,,Cooling System Protection;FESBA-FRD,Bundle to Bundle Component Relationship,1,Proportional,82,
FESBA_KP83-2;FESBA-FRD;Circuit Breaker or Terminal Box;Bundle to Bundle Component Relationship,FESBA_KP83-2,,BundleComponent,,true,false,false,false,,,PRC-000000140,FESBA-FRD,Bundle,,Circuit Breaker or Terminal Box;FESBA-FRD,Bundle to Bundle Component Relationship,1,Proportional,109,
FESBA_H527-2;FESBA-FRD;Cooling System Protection;Bundle to Bundle Component Relationship,FESBA_H527-2,,BundleComponent,,false,false,false,false,,,PRC-000000141,FESBA-FRD,Bundle,,Cooling System Protection;FESBA-FRD,Bundle to Bundle Component Relationship,1,Proportional,83,
FESBA_KU68-2;FESBA-FRD;Circuit Breaker or Terminal Box;Bundle to Bundle Component Relationship,FESBA_KU68-2,,BundleComponent,,true,false,false,false,,,PRC-000000142,FESBA-FRD,Bundle,,Circuit Breaker or Terminal Box;FESBA-FRD,Bundle to Bundle Component Relationship,1,Proportional,110,
FESBA_B225-2;FESBA-FRD;Temperature Sensors;Bundle to Bundle Component Relationship,FESBA_B225-2,,BundleComponent,,false,false,false,false,,,PRC-000000143,FESBA-FRD,Bundle,,Temperature Sensors;FESBA-FRD,Bundle to Bundle Component Relationship,1,Proportional,84,
FESBA_KB71-2;FESBA-FRD;Load Connections;Bundle to Bundle Component Relationship,FESBA_KB71-2,,BundleComponent,,true,false,false,false,,,PRC-000000144,FESBA-FRD,Bundle,,Load Connections;FESBA-FRD,Bundle to Bundle Component Relationship,1,Proportional,111,
FESBA_B244-2;FESBA-FRD;Temperature Sensors;Bundle to Bundle Component Relationship,FESBA_B244-2,,BundleComponent,,false,false,false,false,,,PRC-000000145,FESBA-FRD,Bundle,,Temperature Sensors;FESBA-FRD,Bundle to Bundle Component Relationship,1,Proportional,85,
FESBA_KB73-2;FESBA-FRD;Load Connections;Bundle to Bundle Component Relationship,FESBA_KB73-2,,BundleComponent,,true,false,false,false,,,PRC-000000146,FESBA-FRD,Bundle,,Load Connections;FESBA-FRD,Bundle to Bundle Component Relationship,1,Proportional,112,
FESBA_A292-2;FESBA-FRD;Heater;Bundle to Bundle Component Relationship,FESBA_A292-2,,BundleComponent,,false,false,false,false,,,PRC-000000147,FESBA-FRD,Bundle,,Heater;FESBA-FRD,Bundle to Bundle Component Relationship,1,Proportional,86,
FESBA_KU83-2;FESBA-FRD;Load Connections;Bundle to Bundle Component Relationship,FESBA_KU83-2,,BundleComponent,,true,false,false,false,,,PRC-000000148,FESBA-FRD,Bundle,,Load Connections;FESBA-FRD,Bundle to Bundle Component Relationship,1,Proportional,113,
FESBA_A293-2;FESBA-FRD;Heater;Bundle to Bundle Component Relationship,FESBA_A293-2,,BundleComponent,,false,false,false,false,,,PRC-000000149,FESBA-FRD,Bundle,,Heater;FESBA-FRD,Bundle to Bundle Component Relationship,1,Proportional,87,
FESBA_KP94-2;FESBA-FRD;Circuit Breaker or Terminal Box;Bundle to Bundle Component Relationship,FESBA_KP94-2,,BundleComponent,,true,false,false,false,,,PRC-000000150,FESBA-FRD,Bundle,,Circuit Breaker or Terminal Box;FESBA-FRD,Bundle to Bundle Component Relationship,1,Proportional,114,
FESBA_A416-2;FESBA-FRD;Heater;Bundle to Bundle Component Relationship,FESBA_A416-2,,BundleComponent,,false,false,false,false,,,PRC-000000151,FESBA-FRD,Bundle,,Heater;FESBA-FRD,Bundle to Bundle Component Relationship,1,Proportional,88,
FESBA_KU70-2;FESBA-FRD;Circuit Breaker or Terminal Box;Bundle to Bundle Component Relationship,FESBA_KU70-2,,BundleComponent,,true,false,false,false,,,PRC-000000152,FESBA-FRD,Bundle,,Circuit Breaker or Terminal Box;FESBA-FRD,Bundle to Bundle Component Relationship,1,Proportional,115,
FESBA_3750;FESBA-FRD;PMG;Bundle to Bundle Component Relationship,FESBA_3750,,BundleComponent,,false,true,true,false,,,PRC-000000153,FESBA-FRD,Bundle,,PMG;FESBA-FRD,Bundle to Bundle Component Relationship,1,Proportional,89,
FESBA_KC52-2;FESBA-FRD;Circuit Breaker or Terminal Box;Bundle to Bundle Component Relationship,FESBA_KC52-2,,BundleComponent,,true,false,false,false,,,PRC-000000154,FESBA-FRD,Bundle,,Circuit Breaker or Terminal Box;FESBA-FRD,Bundle to Bundle Component Relationship,1,Proportional,116,
FESBA_B791-2;FESBA-FRD;Bearing Hardened Cartridge;Bundle to Bundle Component Relationship,FESBA_B791-2,,BundleComponent,,false,false,false,false,,,PRC-000000155,FESBA-FRD,Bundle,,Bearing Hardened Cartridge;FESBA-FRD,Bundle to Bundle Component Relationship,1,Proportional,90,
FESBA_KP92-2;FESBA-FRD;Circuit Breaker or Terminal Box;Bundle to Bundle Component Relationship,FESBA_KP92-2,,BundleComponent,,true,false,false,false,,,PRC-000000156,FESBA-FRD,Bundle,,Circuit Breaker or Terminal Box;FESBA-FRD,Bundle to Bundle Component Relationship,1,Proportional,117,
FESBA_KR78-2;FESBA-FRD;Output Terminals;Bundle to Bundle Component Relationship,FESBA_KR78-2,,BundleComponent,,true,false,true,false,,,PRC-000000157,FESBA-FRD,Bundle,,Output Terminals;FESBA-FRD,Bundle to Bundle Component Relationship,1,Proportional,91,
FESBA_KP90-2;FESBA-FRD;Circuit Breaker or Terminal Box;Bundle to Bundle Component Relationship,FESBA_KP90-2,,BundleComponent,,true,false,false,false,,,PRC-000000158,FESBA-FRD,Bundle,,Circuit Breaker or Terminal Box;FESBA-FRD,Bundle to Bundle Component Relationship,1,Proportional,118,
FESBA_KR08-2;FESBA-FRD;Differential CT's;Bundle to Bundle Component Relationship,FESBA_KR08-2,,BundleComponent,,false,false,false,false,,,PRC-000000159,FESBA-FRD,Bundle,,Differential CT's;FESBA-FRD,Bundle to Bundle Component Relationship,1,Proportional,92,
FESBA_KP88-2;FESBA-FRD;Circuit Breaker or Terminal Box;Bundle to Bundle Component Relationship,FESBA_KP88-2,,BundleComponent,,true,false,false,false,,,PRC-000000160,FESBA-FRD,Bundle,,Circuit Breaker or Terminal Box;FESBA-FRD,Bundle to Bundle Component Relationship,1,Proportional,119,
FESBA_K993-2;FESBA-FRD;Differential CT's;Bundle to Bundle Component Relationship,FESBA_K993-2,,BundleComponent,,false,false,false,false,,,PRC-000000161,FESBA-FRD,Bundle,,Differential CT's;FESBA-FRD,Bundle to Bundle Component Relationship,1,Proportional,93,
FESBA_KP86-2;FESBA-FRD;Circuit Breaker or Terminal Box;Bundle to Bundle Component Relationship,FESBA_KP86-2,,BundleComponent,,true,false,false,false,,,PRC-000000162,FESBA-FRD,Bundle,,Circuit Breaker or Terminal Box;FESBA-FRD,Bundle to Bundle Component Relationship,1,Proportional,120,
FESBA_KP78-2;FESBA-FRD;Circuit Breaker or Box Arrangement;Bundle to Bundle Component Relationship,FESBA_KP78-2,,BundleComponent,,true,false,false,false,,,PRC-000000163,FESBA-FRD,Bundle,,Circuit Breaker or Box Arrangement;FESBA-FRD,Bundle to Bundle Component Relationship,1,Proportional,94,
FESBA_KP84-2;FESBA-FRD;Circuit Breaker or Terminal Box;Bundle to Bundle Component Relationship,FESBA_KP84-2,,BundleComponent,,true,false,false,false,,,PRC-000000164,FESBA-FRD,Bundle,,Circuit Breaker or Terminal Box;FESBA-FRD,Bundle to Bundle Component Relationship,1,Proportional,121,
FESBA_KU93-2;FESBA-FRD;Circuit Breaker or Box Arrangement;Bundle to Bundle Component Relationship,FESBA_KU93-2,,BundleComponent,,true,false,false,false,,,PRC-000000165,FESBA-FRD,Bundle,,Circuit Breaker or Box Arrangement;FESBA-FRD,Bundle to Bundle Component Relationship,1,Proportional,95,
FESBA_KP82-2;FESBA-FRD;Circuit Breaker or Terminal Box;Bundle to Bundle Component Relationship,FESBA_KP82-2,,BundleComponent,,true,false,false,false,,,PRC-000000166,FESBA-FRD,Bundle,,Circuit Breaker or Terminal Box;FESBA-FRD,Bundle to Bundle Component Relationship,1,Proportional,122,
FESBA_KU94-2;FESBA-FRD;Circuit Breaker or Box Arrangement;Bundle to Bundle Component Relationship,FESBA_KU94-2,,BundleComponent,,true,false,false,false,,,PRC-000000167,FESBA-FRD,Bundle,,Circuit Breaker or Box Arrangement;FESBA-FRD,Bundle to Bundle Component Relationship,1,Proportional,96,
FESBA_KU62-2;FESBA-FRD;Circuit Breaker or Terminal Box;Bundle to Bundle Component Relationship,FESBA_KU62-2,,BundleComponent,,true,false,false,false,,,PRC-000000168,FESBA-FRD,Bundle,,Circuit Breaker or Terminal Box;FESBA-FRD,Bundle to Bundle Component Relationship,1,Proportional,123,
FESBA_KU95-2;FESBA-FRD;Circuit Breaker or Box Arrangement;Bundle to Bundle Component Relationship,FESBA_KU95-2,,BundleComponent,,true,false,false,false,,,PRC-000000169,FESBA-FRD,Bundle,,Circuit Breaker or Box Arrangement;FESBA-FRD,Bundle to Bundle Component Relationship,1,Proportional,97,
FESBA_KB70-2;FESBA-FRD;Load Connections;Bundle to Bundle Component Relationship,FESBA_KB70-2,,BundleComponent,,true,false,false,false,,,PRC-000000170,FESBA-FRD,Bundle,,Load Connections;FESBA-FRD,Bundle to Bundle Component Relationship,1,Proportional,124,
FESBA_F258-2;FESBA-FRD;Circuit Breaker or Box Arrangement;Bundle to Bundle Component Relationship,FESBA_F258-2,,BundleComponent,,true,false,false,false,,,PRC-000000171,FESBA-FRD,Bundle,,Circuit Breaker or Box Arrangement;FESBA-FRD,Bundle to Bundle Component Relationship,1,Proportional,98,
FESBA_KB72-2;FESBA-FRD;Load Connections;Bundle to Bundle Component Relationship,FESBA_KB72-2,,BundleComponent,,true,false,false,false,,,PRC-000000172,FESBA-FRD,Bundle,,Load Connections;FESBA-FRD,Bundle to Bundle Component Relationship,1,Proportional,125,
FESBA_F259-2;FESBA-FRD;Circuit Breaker or Box Arrangement;Bundle to Bundle Component Relationship,FESBA_F259-2,,BundleComponent,,true,false,false,false,,,PRC-000000173,FESBA-FRD,Bundle,,Circuit Breaker or Box Arrangement;FESBA-FRD,Bundle to Bundle Component Relationship,1,Proportional,99,
FESBA_KU84-2;FESBA-FRD;Load Connections;Bundle to Bundle Component Relationship,FESBA_KU84-2,,BundleComponent,,true,false,false,false,,,PRC-000000174,FESBA-FRD,Bundle,,Load Connections;FESBA-FRD,Bundle to Bundle Component Relationship,1,Proportional,126,
FESBA_KS57-2;FESBA-FRD;Circuit Breaker or Box Arrangement;Bundle to Bundle Component Relationship,FESBA_KS57-2,,BundleComponent,,true,false,false,false,,,PRC-000000175,FESBA-FRD,Bundle,,Circuit Breaker or Box Arrangement;FESBA-FRD,Bundle to Bundle Component Relationship,1,Proportional,100,
FESBA_H666-2;FESBA-FRD;Primary Electrical Isolation Device Options;Bundle to Bundle Component Relationship,FESBA_H666-2,,BundleComponent,,true,false,false,false,,,PRC-000000176,FESBA-FRD,Bundle,,Primary Electrical Isolation Device Options;FESBA-FRD,Bundle to Bundle Component Relationship,1,Proportional,127,
FESBA_H723-2;FESBA-FRD;Primary Electrical Isolation Device Options;Bundle to Bundle Component Relationship,FESBA_H723-2,,BundleComponent,,true,false,false,false,,,PRC-000000177,FESBA-FRD,Bundle,,Primary Electrical Isolation Device Options;FESBA-FRD,Bundle to Bundle Component Relationship,1,Proportional,128,
FESBA_H724-2;FESBA-FRD;Primary Electrical Isolation Device Options;Bundle to Bundle Component Relationship,FESBA_H724-2,,BundleComponent,,true,false,false,false,,,PRC-000000178,FESBA-FRD,Bundle,,Primary Electrical Isolation Device Options;FESBA-FRD,Bundle to Bundle Component Relationship,1,Proportional,129,
FESBA_KP98-2;FESBA-FRD;Primary Electrical Isolation Device Options;Bundle to Bundle Component Relationship,FESBA_KP98-2,,BundleComponent,,true,false,false,false,,,PRC-000000179,FESBA-FRD,Bundle,,Primary Electrical Isolation Device Options;FESBA-FRD,Bundle to Bundle Component Relationship,1,Proportional,130,
FESBA_KP99-2;FESBA-FRD;Primary Electrical Isolation Device Options;Bundle to Bundle Component Relationship,FESBA_KP99-2,,BundleComponent,,true,false,false,false,,,PRC-000000180,FESBA-FRD,Bundle,,Primary Electrical Isolation Device Options;FESBA-FRD,Bundle to Bundle Component Relationship,1,Proportional,131,
FESBA_KR01-2;FESBA-FRD;Primary Electrical Isolation Device Options;Bundle to Bundle Component Relationship,FESBA_KR01-2,,BundleComponent,,true,false,false,false,,,PRC-000000181,FESBA-FRD,Bundle,,Primary Electrical Isolation Device Options;FESBA-FRD,Bundle to Bundle Component Relationship,1,Proportional,132,
FESBA_KR02-2;FESBA-FRD;Primary Electrical Isolation Device Options;Bundle to Bundle Component Relationship,FESBA_KR02-2,,BundleComponent,,true,false,false,false,,,PRC-000000182,FESBA-FRD,Bundle,,Primary Electrical Isolation Device Options;FESBA-FRD,Bundle to Bundle Component Relationship,1,Proportional,133,
FESBA_KU99-2;FESBA-FRD;Primary Electrical Isolation Device Options;Bundle to Bundle Component Relationship,FESBA_KU99-2,,BundleComponent,,true,false,false,false,,,PRC-000000183,FESBA-FRD,Bundle,,Primary Electrical Isolation Device Options;FESBA-FRD,Bundle to Bundle Component Relationship,1,Proportional,134,
FESBA_H704-2;FESBA-FRD;Control Main;Bundle to Bundle Component Relationship,FESBA_H704-2,,BundleComponent,,true,false,true,false,,,PRC-000000184,FESBA-FRD,Bundle,,Control Main;FESBA-FRD,Bundle to Bundle Component Relationship,1,Proportional,135,
FESBA_KX21-2;FESBA-FRD;Control Main;Bundle to Bundle Component Relationship,FESBA_KX21-2,,BundleComponent,,false,false,false,false,,,PRC-000000185,FESBA-FRD,Bundle,,Control Main;FESBA-FRD,Bundle to Bundle Component Relationship,1,Proportional,136,
FESBA_L190-2;FESBA-FRD;Warranty;Bundle to Bundle Component Relationship,FESBA_L190-2,,BundleComponent,,false,false,false,false,,,PRC-000000186,FESBA-FRD,Bundle,,Warranty;FESBA-FRD,Bundle to Bundle Component Relationship,1,Proportional,192,
FESBA_L010-2;FESBA-FRD;Testing;Bundle to Bundle Component Relationship,FESBA_L010-2,,BundleComponent,,false,false,false,false,,,PRC-000000187,FESBA-FRD,Bundle,,Testing;FESBA-FRD,Bundle to Bundle Component Relationship,1,Proportional,179,
FESBA_A460-2;FESBA-FRD;Control Cabinet Heater;Bundle to Bundle Component Relationship,FESBA_A460-2,,BundleComponent,,false,false,false,false,,,PRC-000000188,FESBA-FRD,Bundle,,Control Cabinet Heater;FESBA-FRD,Bundle to Bundle Component Relationship,1,Proportional,153,
FESBA_L023-2;FESBA-FRD;Testing;Bundle to Bundle Component Relationship,FESBA_L023-2,,BundleComponent,,false,false,false,false,,,PRC-000000189,FESBA-FRD,Bundle,,Testing;FESBA-FRD,Bundle to Bundle Component Relationship,1,Proportional,180,
FESBA_H606-2;FESBA-FRD;Control Options;Bundle to Bundle Component Relationship,FESBA_H606-2,,BundleComponent,,false,false,false,false,,,PRC-000000190,FESBA-FRD,Bundle,,Control Options;FESBA-FRD,Bundle to Bundle Component Relationship,1,Proportional,154,
FESBA_L025-2;FESBA-FRD;Testing;Bundle to Bundle Component Relationship,FESBA_L025-2,,BundleComponent,,false,false,false,false,,,PRC-000000191,FESBA-FRD,Bundle,,Testing;FESBA-FRD,Bundle to Bundle Component Relationship,1,Proportional,181,
FESBA_H678-2;FESBA-FRD;Control Options;Bundle to Bundle Component Relationship,FESBA_H678-2,,BundleComponent,,false,false,false,false,,,PRC-000000192,FESBA-FRD,Bundle,,Control Options;FESBA-FRD,Bundle to Bundle Component Relationship,1,Proportional,155,
FESBA_L024-2;FESBA-FRD;Testing;Bundle to Bundle Component Relationship,FESBA_L024-2,,BundleComponent,,false,false,false,false,,,PRC-000000193,FESBA-FRD,Bundle,,Testing;FESBA-FRD,Bundle to Bundle Component Relationship,1,Proportional,182,
FESBA_H720-2;FESBA-FRD;Control Options;Bundle to Bundle Component Relationship,FESBA_H720-2,,BundleComponent,,false,false,false,false,,,PRC-000000194,FESBA-FRD,Bundle,,Control Options;FESBA-FRD,Bundle to Bundle Component Relationship,1,Proportional,156,
FESBA_L028-2;FESBA-FRD;Warranty;Bundle to Bundle Component Relationship,FESBA_L028-2,,BundleComponent,,false,false,true,false,,,PRC-000000195,FESBA-FRD,Bundle,,Warranty;FESBA-FRD,Bundle to Bundle Component Relationship,1,Proportional,183,
FESBA_K020-2;FESBA-FRD;Control Options;Bundle to Bundle Component Relationship,FESBA_K020-2,,BundleComponent,,false,false,false,false,,,PRC-000000196,FESBA-FRD,Bundle,,Control Options;FESBA-FRD,Bundle to Bundle Component Relationship,1,Proportional,157,
FESBA_L182-2;FESBA-FRD;Warranty;Bundle to Bundle Component Relationship,FESBA_L182-2,,BundleComponent,,false,false,false,false,,,PRC-000000197,FESBA-FRD,Bundle,,Warranty;FESBA-FRD,Bundle to Bundle Component Relationship,1,Proportional,184,
FESBA_KA08-2;FESBA-FRD;Control Options;Bundle to Bundle Component Relationship,FESBA_KA08-2,,BundleComponent,,false,false,true,false,,,PRC-000000198,FESBA-FRD,Bundle,,Control Options;FESBA-FRD,Bundle to Bundle Component Relationship,1,Proportional,158,
FESBA_L183-2;FESBA-FRD;Warranty;Bundle to Bundle Component Relationship,FESBA_L183-2,,BundleComponent,,false,false,false,false,,,PRC-000000199,FESBA-FRD,Bundle,,Warranty;FESBA-FRD,Bundle to Bundle Component Relationship,1,Proportional,185,
FESBA_KX24-2;FESBA-FRD;Control Options;Bundle to Bundle Component Relationship,FESBA_KX24-2,,BundleComponent,,false,false,false,false,,,PRC-000000200,FESBA-FRD,Bundle,,Control Options;FESBA-FRD,Bundle to Bundle Component Relationship,1,Proportional,159,
FESBA_L184-2;FESBA-FRD;Warranty;Bundle to Bundle Component Relationship,FESBA_L184-2,,BundleComponent,,false,false,false,false,,,PRC-000000201,FESBA-FRD,Bundle,,Warranty;FESBA-FRD,Bundle to Bundle Component Relationship,1,Proportional,186,
FESBA_KS53-2;FESBA-FRD;Control Options;Bundle to Bundle Component Relationship,FESBA_KS53-2,,BundleComponent,,false,false,false,false,,,PRC-000000202,FESBA-FRD,Bundle,,Control Options;FESBA-FRD,Bundle to Bundle Component Relationship,1,Proportional,160,
FESBA_L185-2;FESBA-FRD;Warranty;Bundle to Bundle Component Relationship,FESBA_L185-2,,BundleComponent,,false,false,false,false,,,PRC-000000203,FESBA-FRD,Bundle,,Warranty;FESBA-FRD,Bundle to Bundle Component Relationship,1,Proportional,187,
FESBA_KY01-2;FESBA-FRD;Control Options;Bundle to Bundle Component Relationship,FESBA_KY01-2,,BundleComponent,,false,false,false,false,,,PRC-000000204,FESBA-FRD,Bundle,,Control Options;FESBA-FRD,Bundle to Bundle Component Relationship,1,Proportional,161,
FESBA_L186-2;FESBA-FRD;Warranty;Bundle to Bundle Component Relationship,FESBA_L186-2,,BundleComponent,,false,false,false,false,,,PRC-000000205,FESBA-FRD,Bundle,,Warranty;FESBA-FRD,Bundle to Bundle Component Relationship,1,Proportional,188,
FESBA_H244-2;FESBA-FRD;Control Options;Bundle to Bundle Component Relationship,FESBA_H244-2,,BundleComponent,,false,false,false,false,,,PRC-000000206,FESBA-FRD,Bundle,,Control Options;FESBA-FRD,Bundle to Bundle Component Relationship,1,Proportional,162,
FESBA_L187-2;FESBA-FRD;Warranty;Bundle to Bundle Component Relationship,FESBA_L187-2,,BundleComponent,,false,false,false,false,,,PRC-000000207,FESBA-FRD,Bundle,,Warranty;FESBA-FRD,Bundle to Bundle Component Relationship,1,Proportional,189,
FESBA_5860;FESBA-FRD;Testing;Bundle to Bundle Component Relationship,FESBA_5860,,BundleComponent,,true,false,false,false,,,PRC-000000208,FESBA-FRD,Bundle,,Testing;FESBA-FRD,Bundle to Bundle Component Relationship,1,Proportional,163,
FESBA_L188-2;FESBA-FRD;Warranty;Bundle to Bundle Component Relationship,FESBA_L188-2,,BundleComponent,,false,false,false,false,,,PRC-000000209,FESBA-FRD,Bundle,,Warranty;FESBA-FRD,Bundle to Bundle Component Relationship,1,Proportional,190,
FESBA_L026-2;FESBA-FRD;Testing;Bundle to Bundle Component Relationship,FESBA_L026-2,,BundleComponent,,false,false,false,false,,,PRC-000000210,FESBA-FRD,Bundle,,Testing;FESBA-FRD,Bundle to Bundle Component Relationship,1,Proportional,164,
FESBA_L189-2;FESBA-FRD;Warranty;Bundle to Bundle Component Relationship,FESBA_L189-2,,BundleComponent,,false,false,false,false,,,PRC-000000211,FESBA-FRD,Bundle,,Warranty;FESBA-FRD,Bundle to Bundle Component Relationship,1,Proportional,191,
FESBA_L027-2;FESBA-FRD;Testing;Bundle to Bundle Component Relationship,FESBA_L027-2,,BundleComponent,,false,false,false,false,,,PRC-000000212,FESBA-FRD,Bundle,,Testing;FESBA-FRD,Bundle to Bundle Component Relationship,1,Proportional,165,
FESBA_L011-2;FESBA-FRD;Testing;Bundle to Bundle Component Relationship,FESBA_L011-2,,BundleComponent,,false,false,false,false,,,PRC-000000213,FESBA-FRD,Bundle,,Testing;FESBA-FRD,Bundle to Bundle Component Relationship,1,Proportional,166,
FESBA_L191-2;FESBA-FRD;Warranty;Bundle to Bundle Component Relationship,FESBA_L191-2,,BundleComponent,,false,false,false,false,,,PRC-000000214,FESBA-FRD,Bundle,,Warranty;FESBA-FRD,Bundle to Bundle Component Relationship,1,Proportional,193,
FESBA_L012-2;FESBA-FRD;Testing;Bundle to Bundle Component Relationship,FESBA_L012-2,,BundleComponent,,false,false,false,false,,,PRC-000000215,FESBA-FRD,Bundle,,Testing;FESBA-FRD,Bundle to Bundle Component Relationship,1,Proportional,167,
FESBA_L192-2;FESBA-FRD;Warranty;Bundle to Bundle Component Relationship,FESBA_L192-2,,BundleComponent,,false,false,false,false,,,PRC-000000216,FESBA-FRD,Bundle,,Warranty;FESBA-FRD,Bundle to Bundle Component Relationship,1,Proportional,194,
FESBA_L013-2;FESBA-FRD;Testing;Bundle to Bundle Component Relationship,FESBA_L013-2,,BundleComponent,,false,false,false,false,,,PRC-000000217,FESBA-FRD,Bundle,,Testing;FESBA-FRD,Bundle to Bundle Component Relationship,1,Proportional,168,
FESBA_L250-2;FESBA-FRD;Warranty;Bundle to Bundle Component Relationship,FESBA_L250-2,,BundleComponent,,false,false,false,false,,,PRC-000000218,FESBA-FRD,Bundle,,Warranty;FESBA-FRD,Bundle to Bundle Component Relationship,1,Proportional,195,
FESBA_L014-2;FESBA-FRD;Testing;Bundle to Bundle Component Relationship,FESBA_L014-2,,BundleComponent,,false,false,false,false,,,PRC-000000219,FESBA-FRD,Bundle,,Testing;FESBA-FRD,Bundle to Bundle Component Relationship,1,Proportional,169,
FESBA_L251-2;FESBA-FRD;Warranty;Bundle to Bundle Component Relationship,FESBA_L251-2,,BundleComponent,,false,false,false,false,,,PRC-000000220,FESBA-FRD,Bundle,,Warranty;FESBA-FRD,Bundle to Bundle Component Relationship,1,Proportional,196,
FESBA_L015-2;FESBA-FRD;Testing;Bundle to Bundle Component Relationship,FESBA_L015-2,,BundleComponent,,false,false,false,false,,,PRC-000000221,FESBA-FRD,Bundle,,Testing;FESBA-FRD,Bundle to Bundle Component Relationship,1,Proportional,170,
FESBA_L252-2;FESBA-FRD;Warranty;Bundle to Bundle Component Relationship,FESBA_L252-2,,BundleComponent,,false,false,false,false,,,PRC-000000222,FESBA-FRD,Bundle,,Warranty;FESBA-FRD,Bundle to Bundle Component Relationship,1,Proportional,197,
FESBA_L016-2;FESBA-FRD;Testing;Bundle to Bundle Component Relationship,FESBA_L016-2,,BundleComponent,,false,false,false,false,,,PRC-000000223,FESBA-FRD,Bundle,,Testing;FESBA-FRD,Bundle to Bundle Component Relationship,1,Proportional,171,
FESBA_L253-2;FESBA-FRD;Warranty;Bundle to Bundle Component Relationship,FESBA_L253-2,,BundleComponent,,false,false,false,false,,,PRC-000000224,FESBA-FRD,Bundle,,Warranty;FESBA-FRD,Bundle to Bundle Component Relationship,1,Proportional,198,
FESBA_L017-2;FESBA-FRD;Testing;Bundle to Bundle Component Relationship,FESBA_L017-2,,BundleComponent,,false,false,false,false,,,PRC-000000225,FESBA-FRD,Bundle,,Testing;FESBA-FRD,Bundle to Bundle Component Relationship,1,Proportional,172,
FESBA_L254-2;FESBA-FRD;Warranty;Bundle to Bundle Component Relationship,FESBA_L254-2,,BundleComponent,,false,false,false,false,,,PRC-000000226,FESBA-FRD,Bundle,,Warranty;FESBA-FRD,Bundle to Bundle Component Relationship,1,Proportional,199,
FESBA_L018-2;FESBA-FRD;Testing;Bundle to Bundle Component Relationship,FESBA_L018-2,,BundleComponent,,false,false,false,false,,,PRC-000000227,FESBA-FRD,Bundle,,Testing;FESBA-FRD,Bundle to Bundle Component Relationship,1,Proportional,173,
FESBA_L255-2;FESBA-FRD;Warranty;Bundle to Bundle Component Relationship,FESBA_L255-2,,BundleComponent,,false,false,false,false,,,PRC-000000228,FESBA-FRD,Bundle,,Warranty;FESBA-FRD,Bundle to Bundle Component Relationship,1,Proportional,200,
FESBA_L019-2;FESBA-FRD;Testing;Bundle to Bundle Component Relationship,FESBA_L019-2,,BundleComponent,,false,false,false,false,,,PRC-000000229,FESBA-FRD,Bundle,,Testing;FESBA-FRD,Bundle to Bundle Component Relationship,1,Proportional,174,
FESBA_L256-2;FESBA-FRD;Warranty;Bundle to Bundle Component Relationship,FESBA_L256-2,,BundleComponent,,false,false,false,false,,,PRC-000000230,FESBA-FRD,Bundle,,Warranty;FESBA-FRD,Bundle to Bundle Component Relationship,1,Proportional,201,
FESBA_L020-2;FESBA-FRD;Testing;Bundle to Bundle Component Relationship,FESBA_L020-2,,BundleComponent,,false,false,false,false,,,PRC-000000231,FESBA-FRD,Bundle,,Testing;FESBA-FRD,Bundle to Bundle Component Relationship,1,Proportional,175,
FESBA_L257-2;FESBA-FRD;Warranty;Bundle to Bundle Component Relationship,FESBA_L257-2,,BundleComponent,,false,false,false,false,,,PRC-000000232,FESBA-FRD,Bundle,,Warranty;FESBA-FRD,Bundle to Bundle Component Relationship,1,Proportional,202,
FESBA_L021-2;FESBA-FRD;Testing;Bundle to Bundle Component Relationship,FESBA_L021-2,,BundleComponent,,false,false,false,false,,,PRC-000000233,FESBA-FRD,Bundle,,Testing;FESBA-FRD,Bundle to Bundle Component Relationship,1,Proportional,176,
FESBA_L258-2;FESBA-FRD;Warranty;Bundle to Bundle Component Relationship,FESBA_L258-2,,BundleComponent,,false,false,false,false,,,PRC-000000234,FESBA-FRD,Bundle,,Warranty;FESBA-FRD,Bundle to Bundle Component Relationship,1,Proportional,203,
FESBA_L022-2;FESBA-FRD;Testing;Bundle to Bundle Component Relationship,FESBA_L022-2,,BundleComponent,,false,false,false,false,,,PRC-000000235,FESBA-FRD,Bundle,,Testing;FESBA-FRD,Bundle to Bundle Component Relationship,1,Proportional,177,
FESBA_L057-2;FESBA-FRD;Literature Language;Bundle to Bundle Component Relationship,FESBA_L057-2,,BundleComponent,,true,false,false,false,,,PRC-000000236,FESBA-FRD,Bundle,,Literature Language;FESBA-FRD,Bundle to Bundle Component Relationship,1,Proportional,204,
FESBA_L038-2;FESBA-FRD;Testing;Bundle to Bundle Component Relationship,FESBA_L038-2,,BundleComponent,,false,false,false,false,,,PRC-000000237,FESBA-FRD,Bundle,,Testing;FESBA-FRD,Bundle to Bundle Component Relationship,1,Proportional,178,
FESBA_L115-2;FESBA-FRD;Literature Language;Bundle to Bundle Component Relationship,FESBA_L115-2,,BundleComponent,,true,false,false,false,,,PRC-000000238,FESBA-FRD,Bundle,,Literature Language;FESBA-FRD,Bundle to Bundle Component Relationship,1,Proportional,205,
FESBA_L072-2;FESBA-FRD;Literature Language;Bundle to Bundle Component Relationship,FESBA_L072-2,,BundleComponent,,true,false,false,false,,,PRC-000000239,FESBA-FRD,Bundle,,Literature Language;FESBA-FRD,Bundle to Bundle Component Relationship,1,Proportional,206,
FESBA_L050-2;FESBA-FRD;Literature Language;Bundle to Bundle Component Relationship,FESBA_L050-2,,BundleComponent,,true,false,true,false,,,PRC-000000240,FESBA-FRD,Bundle,,Literature Language;FESBA-FRD,Bundle to Bundle Component Relationship,1,Proportional,207,
FESBA_L114-2;FESBA-FRD;Literature Language;Bundle to Bundle Component Relationship,FESBA_L114-2,,BundleComponent,,true,false,false,false,,,PRC-000000241,FESBA-FRD,Bundle,,Literature Language;FESBA-FRD,Bundle to Bundle Component Relationship,1,Proportional,208,
FESBA_L052-2;FESBA-FRD;Literature Language;Bundle to Bundle Component Relationship,FESBA_L052-2,,BundleComponent,,true,false,false,false,,,PRC-000000242,FESBA-FRD,Bundle,,Literature Language;FESBA-FRD,Bundle to Bundle Component Relationship,1,Proportional,209,
FESBA_L068-2;FESBA-FRD;Literature Language;Bundle to Bundle Component Relationship,FESBA_L068-2,,BundleComponent,,true,false,false,false,,,PRC-000000243,FESBA-FRD,Bundle,,Literature Language;FESBA-FRD,Bundle to Bundle Component Relationship,1,Proportional,210,
FESBA_L074-2;FESBA-FRD;Literature Language;Bundle to Bundle Component Relationship,FESBA_L074-2,,BundleComponent,,true,false,false,false,,,PRC-000000244,FESBA-FRD,Bundle,,Literature Language;FESBA-FRD,Bundle to Bundle Component Relationship,1,Proportional,211,
FESBA_L069-2;FESBA-FRD;Literature Language;Bundle to Bundle Component Relationship,FESBA_L069-2,,BundleComponent,,true,false,false,false,,,PRC-000000245,FESBA-FRD,Bundle,,Literature Language;FESBA-FRD,Bundle to Bundle Component Relationship,1,Proportional,212,
FESBA_L136-2;FESBA-FRD;Literature Language;Bundle to Bundle Component Relationship,FESBA_L136-2,,BundleComponent,,true,false,false,false,,,PRC-000000246,FESBA-FRD,Bundle,,Literature Language;FESBA-FRD,Bundle to Bundle Component Relationship,1,Proportional,213,
FESBA_L071-2;FESBA-FRD;Literature Language;Bundle to Bundle Component Relationship,FESBA_L071-2,,BundleComponent,,true,false,false,false,,,PRC-000000247,FESBA-FRD,Bundle,,Literature Language;FESBA-FRD,Bundle to Bundle Component Relationship,1,Proportional,214,
FESBA_WHENC;FESBA-FRD;Enclosure;Bundle to Bundle Component Relationship,FESBA_WHENC,,BundleComponent,,false,false,false,false,,,PRC-000000248,FESBA-FRD,Bundle,,Enclosure;FESBA-FRD,Bundle to Bundle Component Relationship,1,Proportional,241,
FESBA_L245-2;FESBA-FRD;Literature Language;Bundle to Bundle Component Relationship,FESBA_L245-2,,BundleComponent,,true,false,false,false,,,PRC-000000249,FESBA-FRD,Bundle,,Literature Language;FESBA-FRD,Bundle to Bundle Component Relationship,1,Proportional,215,
FESBA_S1ENC;FESBA-FRD;Enclosure;Bundle to Bundle Component Relationship,FESBA_S1ENC,,BundleComponent,,false,false,false,false,,,PRC-000000250,FESBA-FRD,Bundle,,Enclosure;FESBA-FRD,Bundle to Bundle Component Relationship,1,Proportional,242,
FESBA_L073-2;FESBA-FRD;Literature Language;Bundle to Bundle Component Relationship,FESBA_L073-2,,BundleComponent,,true,false,false,false,,,PRC-000000251,FESBA-FRD,Bundle,,Literature Language;FESBA-FRD,Bundle to Bundle Component Relationship,1,Proportional,216,
FESBA_S2ENC;FESBA-FRD;Enclosure;Bundle to Bundle Component Relationship,FESBA_S2ENC,,BundleComponent,,false,false,false,false,,,PRC-000000252,FESBA-FRD,Bundle,,Enclosure;FESBA-FRD,Bundle to Bundle Component Relationship,1,Proportional,243,
FESBA_L051-2;FESBA-FRD;Literature Language;Bundle to Bundle Component Relationship,FESBA_L051-2,,BundleComponent,,true,false,false,false,,,PRC-000000253,FESBA-FRD,Bundle,,Literature Language;FESBA-FRD,Bundle to Bundle Component Relationship,1,Proportional,217,
FESBA_S3ENC;FESBA-FRD;Enclosure;Bundle to Bundle Component Relationship,FESBA_S3ENC,,BundleComponent,,false,false,false,false,,,PRC-000000254,FESBA-FRD,Bundle,,Enclosure;FESBA-FRD,Bundle to Bundle Component Relationship,1,Proportional,244,
FESBA_L070-2;FESBA-FRD;Literature Language;Bundle to Bundle Component Relationship,FESBA_L070-2,,BundleComponent,,true,false,false,false,,,PRC-000000255,FESBA-FRD,Bundle,,Literature Language;FESBA-FRD,Bundle to Bundle Component Relationship,1,Proportional,218,
Electrical-Engineer;FESBA-FRD;Bundle to Bundle Component Relationship,Electrical-Engineer,,BundleComponent,,false,false,false,true,,,PRC-000000256,FESBA-FRD,Bundle,,FESBA-FRD,Bundle to Bundle Component Relationship,8,,3,
FESBA_A358-2;FESBA-FRD;Packing for Shipment;Bundle to Bundle Component Relationship,FESBA_A358-2,,BundleComponent,,true,true,true,false,,,PRC-000000257,FESBA-FRD,Bundle,,Packing for Shipment;FESBA-FRD,Bundle to Bundle Component Relationship,1,Proportional,219,
Mechanical-Engineer;FESBA-FRD;Bundle to Bundle Component Relationship,Mechanical-Engineer,,BundleComponent,,false,false,false,true,,,PRC-000000258,FESBA-FRD,Bundle,,FESBA-FRD,Bundle to Bundle Component Relationship,10,,4,
0155-2341-10-FRD;FESBA-FRD;Accessories Main;Bundle to Bundle Component Relationship,0155-2341-10-FRD,,BundleComponent,,false,false,false,false,,,PRC-000000259,FESBA-FRD,Bundle,,Accessories Main;FESBA-FRD,Bundle to Bundle Component Relationship,1,Proportional,220,
Civil-Engineer;FESBA-FRD;Bundle to Bundle Component Relationship,Civil-Engineer,,BundleComponent,,false,false,false,true,,,PRC-000000260,FESBA-FRD,Bundle,,FESBA-FRD,Bundle to Bundle Component Relationship,8,,2,
0155-2342-10-FRD;FESBA-FRD;Accessories Main;Bundle to Bundle Component Relationship,0155-2342-10-FRD,,BundleComponent,,false,false,false,false,,,PRC-000000261,FESBA-FRD,Bundle,,Accessories Main;FESBA-FRD,Bundle to Bundle Component Relationship,1,Proportional,221,
Install-Fee;FESBA-FRD;Bundle to Bundle Component Relationship,Install-Fee,,BundleComponent,,false,false,false,false,,,PRC-000000262,FESBA-FRD,Bundle,,FESBA-FRD,Bundle to Bundle Component Relationship,1,Proportional,1,
0155-2696-07-FRD;FESBA-FRD;Accessories Main;Bundle to Bundle Component Relationship,0155-2696-07-FRD,,BundleComponent,,false,false,false,false,,,PRC-000000263,FESBA-FRD,Bundle,,Accessories Main;FESBA-FRD,Bundle to Bundle Component Relationship,1,Proportional,222,
Mounting-Hardware;FESBA-FRD;Bundle to Bundle Component Relationship,Mounting-Hardware,,BundleComponent,,false,false,false,true,,,PRC-000000264,FESBA-FRD,Bundle,,FESBA-FRD,Bundle to Bundle Component Relationship,1,,1,
0300-5929-01-FRD;FESBA-FRD;Accessories Main;Bundle to Bundle Component Relationship,0300-5929-01-FRD,,BundleComponent,,false,false,false,false,,,PRC-000000265,FESBA-FRD,Bundle,,Accessories Main;FESBA-FRD,Bundle to Bundle Component Relationship,1,Proportional,223,
Generator-Wiring;FESBA-FRD;Bundle to Bundle Component Relationship,Generator-Wiring,,BundleComponent,,false,false,false,true,,,PRC-000000266,FESBA-FRD,Bundle,,FESBA-FRD,Bundle to Bundle Component Relationship,1,,2,
0300-5929-02-FRD;FESBA-FRD;Accessories Main;Bundle to Bundle Component Relationship,0300-5929-02-FRD,,BundleComponent,,false,false,false,false,,,PRC-000000267,FESBA-FRD,Bundle,,Accessories Main;FESBA-FRD,Bundle to Bundle Component Relationship,1,Proportional,224,
Generator-Conduit;FESBA-FRD;Bundle to Bundle Component Relationship,Generator-Conduit,,BundleComponent,,false,false,false,true,,,PRC-000000268,FESBA-FRD,Bundle,,FESBA-FRD,Bundle to Bundle Component Relationship,1,,3,
0416-0439-FRD;FESBA-FRD;Accessories Main;Bundle to Bundle Component Relationship,0416-0439-FRD,,BundleComponent,,false,false,false,false,,,PRC-000000269,FESBA-FRD,Bundle,,Accessories Main;FESBA-FRD,Bundle to Bundle Component Relationship,1,Proportional,225,
0416-0527-FRD;FESBA-FRD;Accessories Main;Bundle to Bundle Component Relationship,0416-0527-FRD,,BundleComponent,,false,false,false,false,,,PRC-000000270,FESBA-FRD,Bundle,,Accessories Main;FESBA-FRD,Bundle to Bundle Component Relationship,1,Proportional,226,
0541-1204-FRD;FESBA-FRD;Accessories Main;Bundle to Bundle Component Relationship,0541-1204-FRD,,BundleComponent,,false,false,false,false,,,PRC-000000271,FESBA-FRD,Bundle,,Accessories Main;FESBA-FRD,Bundle to Bundle Component Relationship,1,Proportional,227,
A030S169-FRD;FESBA-FRD;Accessories Main;Bundle to Bundle Component Relationship,A030S169-FRD,,BundleComponent,,false,false,false,false,,,PRC-000000272,FESBA-FRD,Bundle,,Accessories Main;FESBA-FRD,Bundle to Bundle Component Relationship,1,Proportional,228,
A035K427-FRD;FESBA-FRD;Accessories Main;Bundle to Bundle Component Relationship,A035K427-FRD,,BundleComponent,,false,false,false,false,,,PRC-000000273,FESBA-FRD,Bundle,,Accessories Main;FESBA-FRD,Bundle to Bundle Component Relationship,1,Proportional,229,
A046D218-FRD;FESBA-FRD;Accessories Main;Bundle to Bundle Component Relationship,A046D218-FRD,,BundleComponent,,false,false,false,false,,,PRC-000000274,FESBA-FRD,Bundle,,Accessories Main;FESBA-FRD,Bundle to Bundle Component Relationship,1,Proportional,230,
A048N280-FRD;FESBA-FRD;Accessories Main;Bundle to Bundle Component Relationship,A048N280-FRD,,BundleComponent,,false,false,false,false,,,PRC-000000275,FESBA-FRD,Bundle,,Accessories Main;FESBA-FRD,Bundle to Bundle Component Relationship,1,Proportional,231,
A051H785-FRD;FESBA-FRD;Accessories Main;Bundle to Bundle Component Relationship,A051H785-FRD,,BundleComponent,,false,false,false,false,,,PRC-000000276,FESBA-FRD,Bundle,,Accessories Main;FESBA-FRD,Bundle to Bundle Component Relationship,1,Proportional,232,
A051K118-FRD;FESBA-FRD;Accessories Main;Bundle to Bundle Component Relationship,A051K118-FRD,,BundleComponent,,false,false,false,false,,,PRC-000000277,FESBA-FRD,Bundle,,Accessories Main;FESBA-FRD,Bundle to Bundle Component Relationship,1,Proportional,233,
A052X578-FRD;FESBA-FRD;Accessories Main;Bundle to Bundle Component Relationship,A052X578-FRD,,BundleComponent,,false,false,false,false,,,PRC-000000278,FESBA-FRD,Bundle,,Accessories Main;FESBA-FRD,Bundle to Bundle Component Relationship,1,Proportional,234,
A052X580-FRD;FESBA-FRD;Accessories Main;Bundle to Bundle Component Relationship,A052X580-FRD,,BundleComponent,,false,false,false,false,,,PRC-000000279,FESBA-FRD,Bundle,,Accessories Main;FESBA-FRD,Bundle to Bundle Component Relationship,1,Proportional,235,
A052X582-FRD;FESBA-FRD;Accessories Main;Bundle to Bundle Component Relationship,A052X582-FRD,,BundleComponent,,false,false,false,false,,,PRC-000000280,FESBA-FRD,Bundle,,Accessories Main;FESBA-FRD,Bundle to Bundle Component Relationship,1,Proportional,236,
A052X584-FRD;FESBA-FRD;Accessories Main;Bundle to Bundle Component Relationship,A052X584-FRD,,BundleComponent,,false,false,false,false,,,PRC-000000281,FESBA-FRD,Bundle,,Accessories Main;FESBA-FRD,Bundle to Bundle Component Relationship,1,Proportional,237,
A052X586-FRD;FESBA-FRD;Accessories Main;Bundle to Bundle Component Relationship,A052X586-FRD,,BundleComponent,,false,false,false,false,,,PRC-000000282,FESBA-FRD,Bundle,,Accessories Main;FESBA-FRD,Bundle to Bundle Component Relationship,1,Proportional,238,
0402-0750-01-FRD;FESBA-FRD;Accessories Main;Bundle to Bundle Component Relationship,0402-0750-01-FRD,,BundleComponent,,false,false,false,false,,,PRC-000000283,FESBA-FRD,Bundle,,Accessories Main;FESBA-FRD,Bundle to Bundle Component Relationship,1,Proportional,239,
FESBA_NOENC;FESBA-FRD;Enclosure;Bundle to Bundle Component Relationship,FESBA_NOENC,,BundleComponent,,true,false,true,false,,,PRC-000000284,FESBA-FRD,Bundle,,Enclosure;FESBA-FRD,Bundle to Bundle Component Relationship,1,Proportional,240,
